r,k,quantity,param,value,argmax_vertex
1,3,C(a),0.3,1.646434908282079,0
1,3,C(a),0.31,1.6138333127840234,0
1,3,C(a),0.32,1.5818772721291456,0
1,3,C(a),0.33,1.5505540034750975,0
1,3,C(a),0.34,1.5198509770967688,0
1,3,C(a),0.35,1.4897559113742287,0
1,3,C(a),0.36,1.460256767879915,0
1,3,C(a),0.37,1.431341746563103,0
1,3,C(a),0.38,1.4029992810297278,0
1,3,C(a),0.39,1.3752180339156705,0
1,3,C(a),0.4,1.3479868923516647,0
1,3,C(a),0.41,1.3273005002726388,1
1,3,C(a),0.42,1.3140936396301135,1
1,3,C(a),0.43,1.301018189446633,1
1,3,C(a),0.44,1.2880728421662828,1
1,3,C(a),0.45,1.2752563032435467,1
1,3,C(a),0.46,1.262567291013852,1
1,3,C(a),0.47,1.2500045365654016,1
1,3,C(a),0.48,1.2375667836122817,1
1,3,C(a),0.49,1.2252527883688322,1
1,3,C(a),0.5,1.2130613194252668,1
1,3,C(a),0.51,1.2009911576245318,1
1,3,C(a),0.52,1.1890410959403888,1
1,3,C(a),0.53,1.1772099393567104,1
1,3,C(a),0.54,1.1654965047479793,1
1,3,C(a),0.55,1.1538996207609733,1
1,3,C(a),0.56,1.1424181276976297,1
1,3,C(a),0.57,1.1310508773990742,1
1,3,C(a),0.58,1.119796733130804,1
1,3,C(a),0.59,1.1086545694690142,1
1,3,C(a),0.6,1.0976232721880528,1
1,3,C(a),0.61,1.0867017381489996,1
1,3,C(a),0.62,1.075888875189349,1
1,3,C(a),0.63,1.0651836020137944,1
1,3,C(a),0.64,1.054584848086097,1
1,3,C(a),0.65,1.044091553522032,1
1,3,C(a),0.66,1.0337026689833984,1
1,3,C(a),0.67,1.0234171555730849,1
1,3,C(a),0.68,1.013233984731179,1
1,3,C(a),0.69,1.0031521381321111,1
1,3,C(a),0.7,1.0,0
1,3,C(a),0.71,1.0,0
1,3,C(a),0.72,1.0,0
1,3,C(a),0.73,1.0,0
1,3,C(a),0.74,1.0,0
1,3,C(a),0.75,1.0,0
1,3,C(a),0.76,1.0,0
1,3,C(a),0.77,1.0,0
1,3,C(a),0.78,1.0,0
1,3,C(a),0.79,1.0,0
1,3,C(a),0.8,1.0,0
1,3,C(a),0.346574,1.5,0
1,3,C_theta,0.3,2.2896298567757443,1
1,3,C_theta,0.31,2.2713913938189636,1
1,3,C_theta,0.32,2.2534414611167395,1
1,3,C_theta,0.33,2.2357750679236252,1
1,3,C_theta,0.34,2.218387315128199,1
1,3,C_theta,0.35,2.2012733935101227,1
1,3,C_theta,0.36,2.1844285820310025,1
1,3,C_theta,0.37,2.167848246158389,1
1,3,C_theta,0.38,2.151527836222265,1
1,3,C_theta,0.39,2.1354628858033884,1
1,3,C_theta,0.4,2.1196490101528607,1
1,3,C_theta,0.41,2.1040819046423187,1
1,3,C_theta,0.42,2.0887573432441364,1
1,3,C_theta,0.43,2.0736711770410654,1
1,3,C_theta,0.44,2.058819332764723,1
1,3,C_theta,0.45,2.0441978113623724,1
1,3,C_theta,0.46,2.0298026865914403,1
1,3,C_theta,0.47,2.015630103641222,1
1,3,C_theta,0.48,2.001676277781253,1
1,3,C_theta,0.49,1.9879374930358158,1
1,3,C_theta,0.5,1.9744101008840758,1
1,3,C_theta,0.51,1.9610905189853443,1
1,3,C_theta,0.52,1.9479752299289745,1
1,3,C_theta,0.53,1.9350607800084125,1
1,3,C_theta,0.54,1.922343778018929,1
1,3,C_theta,0.55,1.9098208940785661,1
1,3,C_theta,0.56,1.8974888584718541,1
1,3,C_theta,0.57,1.8853444605158411,1
1,3,C_theta,0.58,1.8733845474480073,1
1,3,C_theta,0.59,1.8616060233356384,1
1,3,C_theta,0.6,1.8500058480062287,1
1,3,C_theta,0.61,1.838581035998514,1
1,3,C_theta,0.62,1.8273286555337251,1
1,3,C_theta,0.63,1.8162458275066677,1
1,3,C_theta,0.64,1.8053297244962427,1
1,3,C_theta,0.65,1.7945775697950286,1
1,3,C_theta,0.66,1.7839866364575494,1
1,3,C_theta,0.67,1.7735542463668685,1
1,3,C_theta,0.68,1.7632777693191453,1
1,3,C_theta,0.69,1.753154622125812,1
1,3,C_theta,0.7,1.7431822677330162,2
1,3,C_theta,0.71,1.7333582143580015,1
1,3,C_theta,0.72,1.7236800146420934,1
1,3,C_theta,0.73,1.7141452648199613,1
1,3,C_theta,0.74,1.7047516039048471,1
1,3,C_theta,0.75,1.6954967128894447,1
1,3,C_theta,0.76,1.6863783139621238,1
1,3,C_theta,0.77,1.677394169738206,1
1,3,C_theta,0.78,1.6685420825059882,1
1,3,C_theta,0.79,1.6598198934872392,1
1,3,C_theta,0.8,1.651225482111877,1
1,3,C_theta,0.81,1.6427567653065558,1
1,3,C_theta,0.82,1.6344116967968914,1
1,3,C_theta,0.83,1.626188266423056,1
1,3,C_theta,0.84,1.6180844994684898,1
1,3,C_theta,0.85,1.6100984560014615,1
1,3,C_theta,0.86,1.602228230229242,1
1,3,C_theta,0.87,1.5944719498646358,1
1,3,C_theta,0.88,1.5868277755046318,1
1,3,C_theta,0.89,1.5792939000209412,1
1,3,C_theta,0.9,1.5718685479621857,1
1,3,C_theta,0.91,1.5645499749675167,1
1,3,C_theta,0.92,1.5573364671914347,1
1,3,C_theta,0.93,1.5502263407395984,1
1,3,C_theta,0.94,1.543217941115405,1
1,3,C_theta,0.95,1.5363096426771363,1
1,3,C_theta,0.96,1.5294998481054622,2
1,3,C_theta,0.97,1.5227869878811018,2
1,3,C_theta,0.98,1.5161695197724447,2
1,3,C_theta,0.99,1.5096459283329386,2
1,3,C_theta,1.0,1.5032147244080551,1
1,3,C_theta,1.01,1.496874444651645,1
1,3,C_theta,1.02,1.4906236510515043,1
1,3,C_theta,1.03,1.4844609304639682,1
1,3,C_theta,1.04,1.4783848941573627,1
1,3,C_theta,1.05,1.4723941773641371,1
1,3,C_theta,1.06,1.4664874388415141,1
1,3,C_theta,1.07,1.460663360440486,1
1,3,C_theta,1.08,1.4549206466830018,1
1,3,C_theta,1.09,1.449258024347183,1
1,3,C_theta,1.1,1.4436742420604134,1
1,3,C_theta,1.11,1.438168069900147,1
1,3,C_theta,1.12,1.4327382990022923,2
1,3,C_theta,1.13,1.4273837411770178,1
1,3,C_theta,1.14,1.4221032285318413,1
1,3,C_theta,1.15,1.416895613101857,1
1,3,C_theta,1.16,1.4117597664869668,1
1,3,C_theta,1.17,1.406694579495978,1
1,3,C_theta,1.18,1.4016989617974336,1
1,3,C_theta,1.19,1.3967718415770474,1
1,3,C_theta,1.2,1.3919121652016146,1
1,3,C_theta,1.21,1.3871188968892736,1
1,3,C_theta,1.22,1.3823910183859955,1
1,3,C_theta,1.23,1.3777275286481805,1
1,3,C_theta,1.24,1.3731274435312466,1
1,3,C_theta,1.25,1.3685897954840889,1
1,3,C_theta,1.26,1.364113633249303,1
1,3,C_theta,1.27,1.3596980215690546,1
1,3,C_theta,1.28,1.355342040896494,1
1,3,C_theta,1.29,1.3510447871125977,1
1,3,C_theta,1.3,1.3468053712483463,1
1,3,C_theta,1.31,1.3426229192121224,1
1,3,C_theta,1.32,1.3384965715222363,1
1,3,C_theta,1.33,1.3344254830444795,2
1,3,C_theta,1.34,1.3304088227346038,1
1,3,C_theta,1.35,1.3264457733856412,1
1,3,C_theta,1.36,1.3225355313799587,1
1,3,C_theta,1.37,1.3186773064459687,1
1,3,C_theta,1.38,1.3148703214193973,1
1,3,C_theta,1.39,1.3111138120090267,1
1,3,C_theta,1.4,1.3074070265668245,1
1,3,C_theta,1.41,1.3037492258623764,1
1,3,C_theta,1.42,1.3001396828615372,1
1,3,C_theta,1.43,1.296577682509222,1
1,3,C_theta,1.44,1.2930625215162554,1
1,3,C_theta,1.45,1.2895935081502048,1
1,3,C_theta,1.46,1.2861699620301148,1
1,3,C_theta,1.47,1.2827912139250741,1
1,3,C_theta,1.48,1.2794566055565386,1
1,3,C_theta,1.49,1.276165489404337,1
1,3,C_theta,1.5,1.2729172285162937,1
1,3,C_theta,1.51,1.2697111963213912,1
1,3,C_theta,1.52,1.2665467764464131,1
1,3,C_theta,1.53,1.2634233625359956,1
1,3,C_theta,1.54,1.260340358076022,1
1,3,C_theta,1.55,1.257297176220301,1
1,3,C_theta,1.56,1.2542932396204576,1
1,3,C_theta,1.57,1.2513279802589863,1
1,3,C_theta,1.58,1.2484008392853947,1
1,3,C_theta,1.59,1.2455112668553865,1
1,3,C_theta,1.6,1.2426587219730216,1
2,7,C(a),0.3,2.1952465443761056,4
2,7,C(a),0.31,2.151777750378698,4
2,7,C(a),0.32,2.109169696172194,4
2,7,C(a),0.33,2.0674053379667967,4
2,7,C(a),0.34,2.026467969462358,4
2,7,C(a),0.35,1.986341215165638,4
2,7,C(a),0.36,1.9470090238398867,4
2,7,C(a),0.37,1.9084556620841375,4
2,7,C(a),0.38,1.870665708039637,4
2,7,C(a),0.39,1.833624045220894,4
2,7,C(a),0.4,1.7973158564688863,4
2,7,C(a),0.41,1.7617266180239972,4
2,7,C(a),0.42,1.726842093716319,4
2,7,C(a),0.43,1.6926483292709953,4
2,7,C(a),0.44,1.6591316467263255,4
2,7,C(a),0.45,1.6262786389623964,4
2,7,C(a),0.46,1.5940761643380565,4
2,7,C(a),0.47,1.5625113414340845,4
2,7,C(a),0.48,1.5315715439004483,4
2,7,C(a),0.49,1.5012443954055983,4
2,7,C(a),0.5,1.4715177646857693,4
2,7,C(a),0.51,1.4423797606923132,4
2,7,C(a),0.52,1.4138187278351206,4
2,7,C(a),0.53,1.3858232413202296,4
2,7,C(a),0.54,1.3583821025797564,4
2,7,C(a),0.55,1.3314843347923182,4
2,7,C(a),0.56,1.3051191784921579,4
2,7,C(a),0.57,1.2792760872652158,4
2,7,C(a),0.58,1.2539447235304213,4
2,7,C(a),0.59,1.229114954404525,4
2,7,C(a),0.6,1.2047768476488085,4
2,7,C(a),0.61,1.1809206676960569,4
2,7,C(a),0.62,1.1575368717562025,4
2,7,C(a),0.63,1.1346161059990816,4
2,7,C(a),0.64,1.1121492018127765,4
2,7,C(a),0.65,1.0901271721360504,4
2,7,C(a),0.66,1.0685412078634013,4
2,7,C(a),0.67,1.047382674321304,4
2,7,C(a),0.68,1.0266431078142235,4
2,7,C(a),0.69,1.006314212239026,4
2,7,C(a),0.7,1.0,0
2,7,C(a),0.71,1.0,0
2,7,C(a),0.72,1.0,0
2,7,C(a),0.73,1.0,0
2,7,C(a),0.74,1.0,0
2,7,C(a),0.75,1.0,0
2,7,C(a),0.76,1.0,0
2,7,C(a),0.77,1.0,0
2,7,C(a),0.78,1.0,0
2,7,C(a),0.79,1.0,0
2,7,C(a),0.8,1.0,0
2,7,C(a),0.346574,2.0,4
2,7,C_theta,0.3,3.705157600081347,1
2,7,C_theta,0.31,3.639267250440267,1
2,7,C_theta,0.32,3.5753018339733518,1
2,7,C_theta,0.33,3.5131990538994176,1
2,7,C_theta,0.34,3.4528987493814673,1
2,7,C_theta,0.35,3.3953443333135778,4
2,7,C_theta,0.36,3.341374140079086,4
2,7,C_theta,0.37,3.2889954553818677,4
2,7,C_theta,0.38,3.2381505234937475,4
2,7,C_theta,0.39,3.188783981547124,4
2,7,C_theta,0.4,3.14084275265551,4
2,7,C_theta,0.41,3.094275944004786,4
2,7,C_theta,0.42,3.049034749678951,4
2,7,C_theta,0.43,3.0050723579955605,4
2,7,C_theta,0.44,2.962343863136822,4
2,7,C_theta,0.45,2.9208061808725923,8
2,7,C_theta,0.46,2.8804179681813187,4
2,7,C_theta,0.47,2.8411395465842797,4
2,7,C_theta,0.48,2.8029328290173114,4
2,7,C_theta,0.49,2.76576125007268,4
2,7,C_theta,0.5,2.7295896994517457,4
2,7,C_theta,0.51,2.694384458476736,8
2,7,C_theta,0.52,2.6601131395171875,4
2,7,C_theta,0.53,2.6267446281935425,4
2,7,C_theta,0.54,2.594249028226982,4
2,7,C_theta,0.55,2.562597608810815,8
2,7,C_theta,0.56,2.5317627543847396,8
2,7,C_theta,0.57,2.5017179166989445,4
2,7,C_theta,0.58,2.4724375690604243,4
2,7,C_theta,0.59,2.4438971626590438,4
2,7,C_theta,0.6,2.4160730848757455,4
2,7,C_theta,0.61,2.388942619479983,4
2,7,C_theta,0.62,2.3624839086278886,8
2,7,C_theta,0.63,2.3366759165768896,4
2,7,C_theta,0.64,2.3114983950365193,4
2,7,C_theta,0.65,2.2869318500789992,4
2,7,C_theta,0.66,2.2629575105367725,4
2,7,C_theta,0.67,2.239557297817689,4
2,7,C_theta,0.68,2.2167137970717796,4
2,7,C_theta,0.69,2.1944102296467434,8
2,7,C_theta,0.7,2.172630426772242,8
2,7,C_theta,0.71,2.1513588044159264,4
2,7,C_theta,0.72,2.130580339256863,4
2,7,C_theta,0.73,2.11028054572456,4
2,7,C_theta,0.74,2.090445454054297,4
2,7,C_theta,0.75,2.071061589311757,8
2,7,C_theta,0.76,2.0521159513422074,4
2,7,C_theta,0.77,2.033595995601584,4
2,7,C_theta,0.78,2.0154896148288546,4
2,7,C_theta,0.79,1.997785121520955,4
2,7,C_theta,0.8,1.9804712311734134,4
2,7,C_theta,0.81,1.96353704625153,4
2,7,C_theta,0.82,1.9469720408586269,4
2,7,C_theta,0.83,1.9307660460694582,4
2,7,C_theta,0.84,1.9149092358983872,4
2,7,C_theta,0.85,1.899392113873348,4
2,7,C_theta,0.86,1.8842055001879827,4
2,7,C_theta,0.87,1.8693405194056494,4
2,7,C_theta,0.88,1.8547885886902054,4
2,7,C_theta,0.89,1.8405414065396735,4
2,7,C_theta,0.9,1.8265909420000064,4
2,7,C_theta,0.91,1.8129294243372305,4
2,7,C_theta,0.92,1.7995493331472632,4
2,7,C_theta,0.93,1.786443388883683,4
2,7,C_theta,0.94,1.7736045437846202,8
2,7,C_theta,0.95,1.761025973180851,4
2,7,C_theta,0.96,1.748701067167986,4
2,7,C_theta,0.97,1.736623422626446,8
2,7,C_theta,0.98,1.7247868355736886,8
2,7,C_theta,0.99,1.7131852938338548,4
2,7,C_theta,1.0,1.7018129700107028,8
2,7,C_theta,1.01,1.6906642147503477,4
2,7,C_theta,1.02,1.6797335502809503,4
2,7,C_theta,1.03,1.6690156642170948,4
2,7,C_theta,1.04,1.6585054036171598,4
2,7,C_theta,1.05,1.6481977692825218,4
2,7,C_theta,1.06,1.6380879102879644,4
2,7,C_theta,1.07,1.6281711187331191,4
2,7,C_theta,1.08,1.6184428247052767,4
2,7,C_theta,1.09,1.6088985914443117,4
2,7,C_theta,1.1,1.5995341107009153,4
2,7,C_theta,1.11,1.5903451982797125,8
2,7,C_theta,1.12,1.5813277897592493,8
2,7,C_theta,1.13,1.5724779363811796,4
2,7,C_theta,1.14,1.563791801101341,4
2,7,C_theta,1.15,1.5552656547957482,4
2,7,C_theta,1.16,1.546895872614831,4
2,7,C_theta,1.17,1.5386789304795738,4
2,7,C_theta,1.18,1.5306114017134695,4
2,7,C_theta,1.19,1.5226899538045076,4
2,7,C_theta,1.2,1.5149113452916523,4
2,7,C_theta,1.21,1.5072724227705345,8
2,7,C_theta,1.22,1.4997701180133085,4
2,7,C_theta,1.23,1.4924014451978533,4
2,7,C_theta,1.24,1.4851634982417252,4
2,7,C_theta,1.25,1.4780534482364522,4
2,7,C_theta,1.26,1.4710685409779862,4
2,7,C_theta,1.27,1.4642060945892892,8
2,7,C_theta,1.28,1.4574634972312317,4
2,7,C_theta,1.29,1.45083820489813,4
2,7,C_theta,1.3,1.4443277392944398,8
2,7,C_theta,1.31,1.437929685789239,4
2,7,C_theta,1.32,1.4316416914453298,8
2,7,C_theta,1.33,1.4254614631198856,4
2,7,C_theta,1.34,1.4193867656337316,4
2,7,C_theta,1.35,1.4134154200064668,4
2,7,C_theta,1.36,1.4075453017547563,4
2,7,C_theta,1.37,1.401774339251245,4
2,7,C_theta,1.38,1.3961005121416468,4
2,7,C_theta,1.39,1.3905218498176828,4
2,7,C_theta,1.4,1.385036429943629,4
2,7,C_theta,1.41,1.379642377034346,4
2,7,C_theta,1.42,1.374337861082734,4
2,7,C_theta,1.43,1.3691210962346758,4
2,7,C_theta,1.44,1.3639903395095863,4
2,7,C_theta,1.45,1.3589438895647767,4
2,7,C_theta,1.46,1.3539800855019326,4
2,7,C_theta,1.47,1.3490973057140503,4
2,7,C_theta,1.48,1.3442939667712752,8
2,7,C_theta,1.49,1.3395685223441285,4
2,7,C_theta,1.5,1.3349194621626954,4
2,7,C_theta,1.51,1.3303453110103796,4
2,7,C_theta,1.52,1.3258446277509197,8
2,7,C_theta,1.53,1.3214160043873988,8
2,7,C_theta,1.54,1.317058065152027,8
2,7,C_theta,1.55,1.3127694656255535,4
2,7,C_theta,1.56,1.3085488918851746,4
2,7,C_theta,1.57,1.3043950596798943,8
2,7,C_theta,1.58,1.3003067136322977,4
2,7,C_theta,1.59,1.2962826264657692,4
2,7,C_theta,1.6,1.2923215982562126,4
3,15,C(a),0.3,2.7107479072098193,4
3,15,C(a),0.31,2.6044579614514554,4
3,15,C(a),0.32,2.5023357040787473,4
3,15,C(a),0.33,2.404217717692653,4
3,15,C(a),0.34,2.309946992582003,4
3,15,C(a),0.35,2.2193726754744585,4
3,15,C(a),0.36,2.132349828139096,4
3,15,C(a),0.37,2.048739195454315,4
3,15,C(a),0.38,1.9684069825699326,4
3,15,C(a),0.39,1.8912246408068825,4
3,15,C(a),0.4,1.8170686619518985,4
3,15,C(a),0.41,1.7617266180239972,4
3,15,C(a),0.42,1.726842093716319,4
3,15,C(a),0.43,1.6926483292709953,4
3,15,C(a),0.44,1.6591316467263255,4
3,15,C(a),0.45,1.6262786389623964,4
3,15,C(a),0.46,1.5940761643380565,4
3,15,C(a),0.47,1.5625113414340845,4
3,15,C(a),0.48,1.5315715439004483,4
3,15,C(a),0.49,1.5012443954055983,4
3,15,C(a),0.5,1.4715177646857693,4
3,15,C(a),0.51,1.4423797606923132,4
3,15,C(a),0.52,1.4138187278351206,4
3,15,C(a),0.53,1.3858232413202296,4
3,15,C(a),0.54,1.3583821025797564,4
3,15,C(a),0.55,1.3314843347923182,4
3,15,C(a),0.56,1.3051191784921579,4
3,15,C(a),0.57,1.2792760872652158,4
3,15,C(a),0.58,1.2539447235304213,4
3,15,C(a),0.59,1.229114954404525,4
3,15,C(a),0.6,1.2047768476488085,4
3,15,C(a),0.61,1.1809206676960569,4
3,15,C(a),0.62,1.1575368717562025,4
3,15,C(a),0.63,1.1346161059990816,4
3,15,C(a),0.64,1.1121492018127765,4
3,15,C(a),0.65,1.0901271721360504,4
3,15,C(a),0.66,1.0685412078634013,4
3,15,C(a),0.67,1.047382674321304,4
3,15,C(a),0.68,1.0266431078142235,4
3,15,C(a),0.69,1.006314212239026,4
3,15,C(a),0.7,1.0,0
3,15,C(a),0.71,1.0,0
3,15,C(a),0.72,1.0,0
3,15,C(a),0.73,1.0,0
3,15,C(a),0.74,1.0,0
3,15,C(a),0.75,1.0,0
3,15,C(a),0.76,1.0,0
3,15,C(a),0.77,1.0,0
3,15,C(a),0.78,1.0,0
3,15,C(a),0.79,1.0,0
3,15,C(a),0.8,1.0,0
3,15,C(a),0.346574,2.25,4
3,15,C_theta,0.3,5.3858740335679665,4
3,15,C_theta,0.31,5.242632828838276,4
3,15,C_theta,0.32,5.105403026454,8
3,15,C_theta,0.33,4.973889124780863,8
3,15,C_theta,0.34,4.847811713627935,4
3,15,C_theta,0.35,4.726906535077486,4
3,15,C_theta,0.36,4.6109236018057045,4
3,15,C_theta,0.37,4.499626369258428,4
3,15,C_theta,0.38,4.392790958281229,4
3,15,C_theta,0.39,4.290205425022693,4
3,15,C_theta,0.4,4.191669075135003,4
3,15,C_theta,0.41,4.096991819487741,4
3,15,C_theta,0.42,4.005993568789991,4
3,15,C_theta,0.43,3.9185036646833833,8
3,15,C_theta,0.44,3.834360345025201,4
3,15,C_theta,0.45,3.753410241227099,4
3,15,C_theta,0.46,3.6755079056516173,4
3,15,C_theta,0.47,3.6005153671966776,4
3,15,C_theta,0.48,3.528301713317667,4
3,15,C_theta,0.49,3.4587426968484873,4
3,15,C_theta,0.5,3.391720366087471,4
3,15,C_theta,0.51,3.3271227167116395,4
3,15,C_theta,0.52,3.264843364174268,8
3,15,C_theta,0.53,3.20478123532598,4
3,15,C_theta,0.54,3.146840278079604,4
3,15,C_theta,0.55,3.090929188013659,4
3,15,C_theta,0.56,3.0369611508792325,8
3,15,C_theta,0.57,2.984853600040371,4
3,15,C_theta,0.58,2.934527987939256,4
3,15,C_theta,0.59,2.886498777534648,5
3,15,C_theta,0.6,2.8415181293205065,5
3,15,C_theta,0.61,2.7979739744218475,6
3,15,C_theta,0.62,2.755807458007083,5
3,15,C_theta,0.63,2.7149626680511196,5
3,15,C_theta,0.64,2.67538646481024,5
3,15,C_theta,0.65,2.6370283212197227,9
3,15,C_theta,0.66,2.599840173468364,9
3,15,C_theta,0.67,2.563776281056977,9
3,15,C_theta,0.68,2.528793095697128,5
3,15,C_theta,0.69,2.4948491384519547,6
3,15,C_theta,0.7,2.461904884563128,5
3,15,C_theta,0.71,2.42992265544727,5
3,15,C_theta,0.72,2.3988665173814074,5
3,15,C_theta,0.73,2.368702186430844,5
3,15,C_theta,0.74,2.339396939204071,5
3,15,C_theta,0.75,2.3109195290483453,9
3,15,C_theta,0.76,2.283240107326551,6
3,15,C_theta,0.77,2.256330149440914,6
3,15,C_theta,0.78,2.230162385292328,5
3,15,C_theta,0.79,2.204710733885643,6
3,15,C_theta,0.8,2.179950241811192,9
3,15,C_theta,0.81,2.155857025351448,9
3,15,C_theta,0.82,2.1324082159789195,5
3,15,C_theta,0.83,2.1095819090274,9
3,15,C_theta,0.84,2.0873571153335915,9
3,15,C_theta,0.85,2.065713715659891,5
3,15,C_theta,0.86,2.0446324177220156,5
3,15,C_theta,0.87,2.0240947156570455,9
3,15,C_theta,0.88,2.0040828517785623,5
3,15,C_theta,0.89,1.9845797804758711,5
3,15,C_theta,0.9,1.9655691341238812,5
3,15,C_theta,0.91,1.947035190879118,5
3,15,C_theta,0.92,1.9289628442456535,6
3,15,C_theta,0.93,1.9113375743024374,6
3,15,C_theta,0.94,1.8941454204906842,5
3,15,C_theta,0.95,1.87737295586665,5
3,15,C_theta,0.96,1.8610072627313654,5
3,15,C_theta,0.97,1.845035909554627,5
3,15,C_theta,0.98,1.8294469291159956,5
3,15,C_theta,0.99,1.8142287977905116,6
3,15,C_theta,1.0,1.7993704159115407,5
3,15,C_theta,1.01,1.7848610891475056,5
3,15,C_theta,1.02,1.770690510833298,5
3,15,C_theta,1.03,1.7568487452009807,5
3,15,C_theta,1.04,1.7433262114578716,6
3,15,C_theta,1.05,1.730113668663406,5
3,15,C_theta,1.06,1.7172022013592396,5
3,15,C_theta,1.07,1.7045832059099044,6
3,15,C_theta,1.08,1.6922483775139885,5
3,15,C_theta,1.09,1.6801896978483175,6
3,15,C_theta,1.1,1.66839942330991,5
3,15,C_theta,1.11,1.6568700738226858,6
3,15,C_theta,1.12,1.6455944221778778,5
3,15,C_theta,1.13,1.6345654838790482,6
3,15,C_theta,1.14,1.623776507464321,6
3,15,C_theta,1.15,1.6132209652801426,5
3,15,C_theta,1.16,1.6028925446823854,6
3,15,C_theta,1.17,1.592785139642081,9
3,15,C_theta,1.18,1.5828928427344084,5
3,15,C_theta,1.19,1.57320993749082,9
3,15,C_theta,1.2,1.5637308910953889,5
3,15,C_theta,1.21,1.5544503474075413,9
3,15,C_theta,1.22,1.5453631202943947,5
3,15,C_theta,1.23,1.5364641872568934,5
3,15,C_theta,1.24,1.5277486833348135,5
3,15,C_theta,1.25,1.519211895276608,6
3,15,C_theta,1.26,1.510849255960814,5
3,15,C_theta,1.27,1.502656339056524,6
3,15,C_theta,1.28,1.494628853911121,10
3,15,C_theta,1.29,1.4867626406541143,5
3,15,C_theta,1.3,1.4790536655065651,5
3,15,C_theta,1.31,1.471498016286149,5
3,15,C_theta,1.32,1.4640918980984474,6
3,15,C_theta,1.33,1.456831629205585,5
3,15,C_theta,1.34,1.4497136370638046,6
3,15,C_theta,1.35,1.4427344545220182,5
3,15,C_theta,1.36,1.4358907161738121,5
3,15,C_theta,1.37,1.4291791548557657,9
3,15,C_theta,1.38,1.4225965982853432,6
3,15,C_theta,1.39,1.4161399658319447,5
3,15,C_theta,1.4,1.409806265415067,5
3,15,C_theta,1.41,1.4035925905238071,5
3,15,C_theta,1.42,1.3974961173522669,5
3,15,C_theta,1.43,1.3915141020456743,6
3,15,C_theta,1.44,1.3856438780523188,5
3,15,C_theta,1.45,1.3798828535766192,9
3,15,C_theta,1.46,1.3742285091289168,5
3,15,C_theta,1.47,1.3686783951677637,6
3,15,C_theta,1.48,1.3632301298307141,5
3,15,C_theta,1.49,1.3578813967498249,6
3,15,C_theta,1.5,1.352629942948228,9
3,15,C_theta,1.51,1.3474735768143478,5
3,15,C_theta,1.52,1.342410166150483,5
3,15,C_theta,1.53,1.3374376362926368,5
3,15,C_theta,1.54,1.3325539682986214,5
3,15,C_theta,1.55,1.32775719720162,5
3,15,C_theta,1.56,1.3230454103264881,5
3,15,C_theta,1.57,1.3184167456662563,5
3,15,C_theta,1.58,1.3138693903163567,5
3,15,C_theta,1.59,1.3094015789642488,5
3,15,C_theta,1.6,1.3050115924322199,5
4,31,C(a),0.3,3.1406788762101447,4
4,31,C(a),0.31,2.9577799769919495,4
4,31,C(a),0.32,2.785532280476653,4
4,31,C(a),0.33,2.671353019658503,12
4,31,C(a),0.34,2.5666077695355587,12
4,31,C(a),0.35,2.465969639416065,12
4,31,C(a),0.36,2.3692775868212177,12
4,31,C(a),0.37,2.2763768838381275,12
4,31,C(a),0.38,2.1871188695221475,12
4,31,C(a),0.39,2.101360712007647,12
4,31,C(a),0.4,2.018965179946554,12
4,31,C(a),0.41,1.9398004229089192,12
4,31,C(a),0.42,1.8637397603940997,12
4,31,C(a),0.43,1.7906614791149322,12
4,31,C(a),0.44,1.7204486382305053,12
4,31,C(a),0.45,1.6529888822158654,12
4,31,C(a),0.46,1.5940761643380565,4
4,31,C(a),0.47,1.5625113414340845,4
4,31,C(a),0.48,1.5315715439004483,4
4,31,C(a),0.49,1.5012443954055983,4
4,31,C(a),0.5,1.4715177646857693,4
4,31,C(a),0.51,1.4423797606923132,4
4,31,C(a),0.52,1.4138187278351206,4
4,31,C(a),0.53,1.3858232413202296,4
4,31,C(a),0.54,1.3583821025797564,4
4,31,C(a),0.55,1.3314843347923182,4
4,31,C(a),0.56,1.3051191784921579,4
4,31,C(a),0.57,1.2792760872652158,4
4,31,C(a),0.58,1.2539447235304213,4
4,31,C(a),0.59,1.229114954404525,4
4,31,C(a),0.6,1.2047768476488085,4
4,31,C(a),0.61,1.1809206676960569,4
4,31,C(a),0.62,1.1575368717562025,4
4,31,C(a),0.63,1.1346161059990816,4
4,31,C(a),0.64,1.1121492018127765,4
4,31,C(a),0.65,1.0901271721360504,4
4,31,C(a),0.66,1.0685412078634013,4
4,31,C(a),0.67,1.047382674321304,4
4,31,C(a),0.68,1.0266431078142235,4
4,31,C(a),0.69,1.006314212239026,4
4,31,C(a),0.7,1.0,0
4,31,C(a),0.71,1.0,0
4,31,C(a),0.72,1.0,0
4,31,C(a),0.73,1.0,0
4,31,C(a),0.74,1.0,0
4,31,C(a),0.75,1.0,0
4,31,C(a),0.76,1.0,0
4,31,C(a),0.77,1.0,0
4,31,C(a),0.78,1.0,0
4,31,C(a),0.79,1.0,0
4,31,C(a),0.8,1.0,0
4,31,C(a),0.346574,2.5,12
4,31,C_theta,0.3,7.2459092412586585,8
4,31,C_theta,0.31,6.979383583102257,4
4,31,C_theta,0.32,6.72733682616987,4
4,31,C_theta,0.33,6.488869505923358,4
4,31,C_theta,0.34,6.263142962415246,8
4,31,C_theta,0.35,6.052178748547757,9
4,31,C_theta,0.36,5.857430275356816,10
4,31,C_theta,0.37,5.67266034763912,9
4,31,C_theta,0.38,5.49725341773131,10
4,31,C_theta,0.39,5.330637074216096,5
4,31,C_theta,0.4,5.172278731784717,5
4,31,C_theta,0.41,5.021682591980652,10
4,31,C_theta,0.42,4.878386851642887,10
4,31,C_theta,0.43,4.741961137912912,5
4,31,C_theta,0.44,4.6120041505309235,5
4,31,C_theta,0.45,4.48814149384058,10
4,31,C_theta,0.46,4.370023682463266,10
4,31,C_theta,0.47,4.25732430600626,9
4,31,C_theta,0.48,4.149738339446631,5
4,31,C_theta,0.49,4.046980586996261,5
4,31,C_theta,0.5,3.948784248312616,5
4,31,C_theta,0.51,3.854899596885204,9
4,31,C_theta,0.52,3.7650927613065424,5
4,31,C_theta,0.53,3.679144600937756,5
4,31,C_theta,0.54,3.596849668208884,5
4,31,C_theta,0.55,3.5180152504594133,5
4,31,C_theta,0.56,3.4424604848313094,5
4,31,C_theta,0.57,3.3700155402799523,9
4,31,C_theta,0.58,3.300520861272984,6
4,31,C_theta,0.59,3.233826468207314,5
4,31,C_theta,0.6,3.1697913099944643,9
4,31,C_theta,0.61,3.1082826646477386,6
4,31,C_theta,0.62,3.0491755840544443,6
4,31,C_theta,0.63,2.992352379435885,10
4,31,C_theta,0.64,2.9377021442894553,9
4,31,C_theta,0.65,2.8851203118736493,9
4,31,C_theta,0.66,2.8345082445401544,6
4,31,C_theta,0.67,2.785772852439756,5
4,31,C_theta,0.68,2.738826239332012,10
4,31,C_theta,0.69,2.6935853734146598,5
4,31,C_theta,0.7,2.6499717812587495,5
4,31,C_theta,0.71,2.6079112630910104,5
4,31,C_theta,0.72,2.5673336278073666,5
4,31,C_theta,0.73,2.528172446231716,5
4,31,C_theta,0.74,2.4903648212534724,9
4,31,C_theta,0.75,2.453851173586533,5
4,31,C_theta,0.76,2.418575041992446,9
4,31,C_theta,0.77,2.3844828969022656,10
4,31,C_theta,0.78,2.351523966455643,9
4,31,C_theta,0.79,2.319650074052757,5
4,31,C_theta,0.8,2.288815486585429,9
4,31,C_theta,0.81,2.2589767725785994,9
4,31,C_theta,0.82,2.2300926695328958,9
4,31,C_theta,0.83,2.2021239598136666,9
4,31,C_theta,0.84,2.1750333544820912,10
4,31,C_theta,0.85,2.148785384510036,5
4,31,C_theta,0.86,2.1233462988627774,6
4,31,C_theta,0.87,2.0986839689726313,5
4,31,C_theta,0.88,2.0747677991623963,9
4,31,C_theta,0.89,2.051568642610495,5
4,31,C_theta,0.9,2.0290587224799954,9
4,31,C_theta,0.91,2.0072115578617105,9
4,31,C_theta,0.92,1.9860018942072457,5
4,31,C_theta,0.93,1.9654056379516063,5
4,31,C_theta,0.94,1.945399795046806,9
4,31,C_theta,0.95,1.925962413148119,5
4,31,C_theta,0.96,1.9071942221352463,12
4,31,C_theta,0.97,1.889113145509586,24
4,31,C_theta,0.98,1.8715144962028671,24
4,31,C_theta,0.99,1.8543817527462523,20
4,31,C_theta,1.0,1.8376990855485844,20
4,31,C_theta,1.01,1.8214513225437405,20
4,31,C_theta,1.02,1.8056239168194101,20
4,31,C_theta,1.03,1.790202916097189,20
4,31,C_theta,1.04,1.77517493394339,16
4,31,C_theta,1.05,1.7605271225987063,20
4,31,C_theta,1.06,1.7462471473229466,20
4,31,C_theta,1.07,1.7323231621584694,16
4,31,C_theta,1.08,1.7187437870228193,24
4,31,C_theta,1.09,1.705498086047333,12
4,31,C_theta,1.1,1.6925755470843717,24
4,31,C_theta,1.11,1.6799660623111732,12
4,31,C_theta,1.12,1.6676599098632972,20
4,31,C_theta,1.13,1.6556477364352447,12
4,31,C_theta,1.14,1.6439205407900734,24
4,31,C_theta,1.15,1.6324696581237432,12
4,31,C_theta,1.16,1.62128674523359,20
4,31,C_theta,1.17,1.6103637664436914,12
4,31,C_theta,1.18,1.599692980242977,20
4,31,C_theta,1.19,1.5892669265948833,16
4,31,C_theta,1.2,1.5790784148799903,16
4,31,C_theta,1.21,1.5691205124355874,12
4,31,C_theta,1.22,1.5593865336584425,20
4,31,C_theta,1.23,1.549870029639171,12
4,31,C_theta,1.24,1.5405647782985994,12
4,31,C_theta,1.25,1.5314647749984225,12
4,31,C_theta,1.26,1.5225642236000958,24
4,31,C_theta,1.27,1.5138575279476028,12
4,31,C_theta,1.28,1.5053392837511739,12
4,31,C_theta,1.29,1.4970042708504432,16
4,31,C_theta,1.3,1.4888474458368581,16
4,31,C_theta,1.31,1.480863935016324,12
4,31,C_theta,1.32,1.4730490276942396,12
4,31,C_theta,1.33,1.4653981697661156,16
4,31,C_theta,1.34,1.4579069575979506,24
4,31,C_theta,1.35,1.450571132181486,12
4,31,C_theta,1.36,1.4433865735502993,16
4,31,C_theta,1.37,1.4363492954435173,24
4,31,C_theta,1.38,1.429455440204673,20
4,31,C_theta,1.39,1.4227012739039628,24
4,31,C_theta,1.4,1.4160831816727832,20
4,31,C_theta,1.41,1.4095976632400886,16
4,31,C_theta,1.42,1.403241328660664,12
4,31,C_theta,1.43,1.3970108942259718,12
4,31,C_theta,1.44,1.3909031785487231,24
4,31,C_theta,1.45,1.384915098812833,12
4,31,C_theta,1.46,1.3790436671808446,16
4,31,C_theta,1.47,1.373285987351347,16
4,31,C_theta,1.48,1.3676392512593079,12
4,31,C_theta,1.49,1.3621007359126136,12
4,31,C_theta,1.5,1.3566678003584653,20
4,31,C_theta,1.51,1.3513378827736129,12
4,31,C_theta,1.52,1.3461084976727162,16
4,31,C_theta,1.53,1.3409772332294358,16
4,31,C_theta,1.54,1.335941748705096,16
4,31,C_theta,1.55,1.330999771980074,24
4,31,C_theta,1.56,1.3261490971832697,20
4,31,C_theta,1.57,1.321387582415277,16
4,31,C_theta,1.58,1.3167131475610858,12
4,31,C_theta,1.59,1.3121237721883359,12
4,31,C_theta,1.6,1.3076174935273819,12
5,63,C(a),0.3,3.538000178287088,4
5,63,C(a),0.31,3.269125237727944,12
5,63,C(a),0.32,3.078746204737353,12
5,63,C(a),0.33,2.8994539835287494,12
5,63,C(a),0.34,2.730602928446944,12
5,63,C(a),0.35,2.5715849933126207,12
5,63,C(a),0.36,2.421827541799313,12
5,63,C(a),0.37,2.2807912853241183,12
5,63,C(a),0.38,2.1871188695221475,12
5,63,C(a),0.39,2.101360712007647,12
5,63,C(a),0.4,2.018965179946554,12
5,63,C(a),0.41,1.9398004229089192,12
5,63,C(a),0.42,1.8637397603940997,12
5,63,C(a),0.43,1.7906614791149322,12
5,63,C(a),0.44,1.7204486382305053,12
5,63,C(a),0.45,1.6529888822158654,12
5,63,C(a),0.46,1.5940761643380565,4
5,63,C(a),0.47,1.5625113414340845,4
5,63,C(a),0.48,1.5315715439004483,4
5,63,C(a),0.49,1.5012443954055983,4
5,63,C(a),0.5,1.4715177646857693,4
5,63,C(a),0.51,1.4423797606923132,4
5,63,C(a),0.52,1.4138187278351206,4
5,63,C(a),0.53,1.3858232413202296,4
5,63,C(a),0.54,1.3583821025797564,4
5,63,C(a),0.55,1.3314843347923182,4
5,63,C(a),0.56,1.3051191784921579,4
5,63,C(a),0.57,1.2792760872652158,4
5,63,C(a),0.58,1.2539447235304213,4
5,63,C(a),0.59,1.229114954404525,4
5,63,C(a),0.6,1.2047768476488085,4
5,63,C(a),0.61,1.1809206676960569,4
5,63,C(a),0.62,1.1575368717562025,4
5,63,C(a),0.63,1.1346161059990816,4
5,63,C(a),0.64,1.1121492018127765,4
5,63,C(a),0.65,1.0901271721360504,4
5,63,C(a),0.66,1.0685412078634013,4
5,63,C(a),0.67,1.047382674321304,4
5,63,C(a),0.68,1.0266431078142235,4
5,63,C(a),0.69,1.006314212239026,4
5,63,C(a),0.7,1.0,0
5,63,C(a),0.71,1.0,0
5,63,C(a),0.72,1.0,0
5,63,C(a),0.73,1.0,0
5,63,C(a),0.74,1.0,0
5,63,C(a),0.75,1.0,0
5,63,C(a),0.76,1.0,0
5,63,C(a),0.77,1.0,0
5,63,C(a),0.78,1.0,0
5,63,C(a),0.79,1.0,0
5,63,C(a),0.8,1.0,0
5,63,C(a),0.346574,2.6250000000000004,12
5,63,C_theta,0.3,9.343220389607218,9
5,63,C_theta,0.31,8.916100330561514,10
5,63,C_theta,0.32,8.517179576932309,5
5,63,C_theta,0.33,8.144301163734845,5
5,63,C_theta,0.34,7.795490163507584,10
5,63,C_theta,0.35,7.468937170672105,6
5,63,C_theta,0.36,7.162983368705246,10
5,63,C_theta,0.37,6.876107022019567,9
5,63,C_theta,0.38,6.60691125073697,10
5,63,C_theta,0.39,6.354112961111696,5
5,63,C_theta,0.4,6.116532817397713,9
5,63,C_theta,0.41,5.893086152625454,9
5,63,C_theta,0.42,5.68277472620023,6
5,63,C_theta,0.43,5.484679245589962,10
5,63,C_theta,0.44,5.297952577749603,5
5,63,C_theta,0.45,5.121813583437044,5
5,63,C_theta,0.46,4.955541514303762,10
5,63,C_theta,0.47,4.798470918674705,10
5,63,C_theta,0.48,4.649987007340373,10
5,63,C_theta,0.49,4.509521435535069,10
5,63,C_theta,0.5,4.3765484616277,5
5,63,C_theta,0.51,4.25058144695793,9
5,63,C_theta,0.52,4.131169664757433,9
5,63,C_theta,0.53,4.017895389245592,6
5,63,C_theta,0.54,3.9103712388183673,10
5,63,C_theta,0.55,3.808237749791744,5
5,63,C_theta,0.56,3.7111611594469385,5
5,63,C_theta,0.57,3.6188313791801554,9
5,63,C_theta,0.58,3.5329802302244118,20
5,63,C_theta,0.59,3.451772037667154,20
5,63,C_theta,0.6,3.374231770399465,20
5,63,C_theta,0.61,3.3001493439198994,24
5,63,C_theta,0.62,3.2293289382329515,20
5,63,C_theta,0.63,3.161587893066915,12
5,63,C_theta,0.64,3.0967556981141686,20
5,63,C_theta,0.65,3.0346730694175506,24
5,63,C_theta,0.66,2.9751911039099794,20
5,63,C_theta,0.67,2.9181705049057283,12
5,63,C_theta,0.68,2.863480872050787,16
5,63,C_theta,0.69,2.8110000498752803,12
5,63,C_theta,0.7,2.760613529661066,24
5,63,C_theta,0.71,2.7122138998492034,24
5,63,C_theta,0.72,2.665700340671356,12
5,63,C_theta,0.73,2.620978159101819,20
5,63,C_theta,0.74,2.5779583605978793,20
5,63,C_theta,0.75,2.536557254429714,12
5,63,C_theta,0.76,2.4966960897012913,16
5,63,C_theta,0.77,2.4583007194339603,20
5,63,C_theta,0.78,2.421301290327979,12
5,63,C_theta,0.79,2.385631956036616,20
5,63,C_theta,0.8,2.351230611985502,20
5,63,C_theta,0.81,2.318038649948544,12
5,63,C_theta,0.82,2.2860007307530066,20
5,63,C_theta,0.83,2.2550645736321857,24
5,63,C_theta,0.84,2.225180760875885,20
5,63,C_theta,0.85,2.196302556548097,12
5,63,C_theta,0.86,2.1683857381493197,24
5,63,C_theta,0.87,2.1413884401985817,24
5,63,C_theta,0.88,2.115271008799004,12
5,63,C_theta,0.89,2.089995866331006,12
5,63,C_theta,0.9,2.0655273854902125,24
5,63,C_theta,0.91,2.0418317719534333,24
5,63,C_theta,0.92,2.018876955016176,24
5,63,C_theta,0.93,1.9966324855999817,12
5,63,C_theta,0.94,1.9750694410775924,16
5,63,C_theta,0.95,1.9541603364093785,12
5,63,C_theta,0.96,1.9338790411257014,12
5,63,C_theta,0.97,1.9142007017275888,12
5,63,C_theta,0.98,1.8951016691124372,20
5,63,C_theta,0.99,1.876559430662818,12
5,63,C_theta,1.0,1.858552546665121,20
5,63,C_theta,1.01,1.841060590750953,24
5,63,C_theta,1.02,1.8240640940781268,24
5,63,C_theta,1.03,1.807617418489457,22
5,63,C_theta,1.04,1.7916397013200156,21
5,63,C_theta,1.05,1.7760945979272476,21
5,63,C_theta,1.06,1.7609668212604621,13
5,63,C_theta,1.07,1.7462417444905771,18
5,63,C_theta,1.08,1.73190536764684,25
5,63,C_theta,1.09,1.7179442861854572,21
5,63,C_theta,1.1,1.7043456613631494,25
5,63,C_theta,1.11,1.6910971922980866,22
5,63,C_theta,1.12,1.678187089609235,21
5,63,C_theta,1.13,1.6656040505330996,14
5,63,C_theta,1.14,1.653337235424058,13
5,63,C_theta,1.15,1.6413762455512741,13
5,63,C_theta,1.16,1.629711102111219,17
5,63,C_theta,1.17,1.6183322263806095,26
5,63,C_theta,1.18,1.6072304209397423,13
5,63,C_theta,1.19,1.5963968519010492,17
5,63,C_theta,1.2,1.5858230320821496,17
5,63,C_theta,1.21,1.5755008050668025,13
5,63,C_theta,1.22,1.5654223301009538,22
5,63,C_theta,1.23,1.555580067774599,21
5,63,C_theta,1.24,1.5459667664434453,13
5,63,C_theta,1.25,1.5365754493473631,14
5,63,C_theta,1.26,1.5273994023854354,21
5,63,C_theta,1.27,1.5184321625099844,13
5,63,C_theta,1.28,1.509667506704378,17
5,63,C_theta,1.29,1.5010994415116576,21
5,63,C_theta,1.3,1.4927221930831036,18
5,63,C_theta,1.31,1.4845301977177756,26
5,63,C_theta,1.32,1.4765180928658848,21
5,63,C_theta,1.33,1.4686807085705125,17
5,63,C_theta,1.34,1.4610130593237651,21
5,63,C_theta,1.35,1.4535103363148796,14
5,63,C_theta,1.36,1.4461679000491838,13
5,63,C_theta,1.37,1.4389812733180638,25
5,63,C_theta,1.38,1.431946134501262,13
5,63,C_theta,1.39,1.4250583111839437,17
5,63,C_theta,1.4,1.41831377407201,21
5,63,C_theta,1.41,1.411708631190073,22
5,63,C_theta,1.42,1.4052391223474345,25
5,63,C_theta,1.43,1.3989016138582313,13
5,63,C_theta,1.44,1.3926925935027228,14
5,63,C_theta,1.45,1.3866086657174288,17
5,63,C_theta,1.46,1.380646547002494,21
5,63,C_theta,1.47,1.3748030615353581,13
5,63,C_theta,1.48,1.3690751369803609,13
5,63,C_theta,1.49,1.3634598004845473,13
5,63,C_theta,1.5,1.3579541748504074,13
5,63,C_theta,1.51,1.3525554748768447,21
5,63,C_theta,1.52,1.3472610038601354,14
5,63,C_theta,1.53,1.342068150247039,21
5,63,C_theta,1.54,1.336974384432708,25
5,63,C_theta,1.55,1.331977255696401,13
5,63,C_theta,1.56,1.3270743892683596,22
5,63,C_theta,1.57,1.3222634835216214,21
5,63,C_theta,1.58,1.3175423072827883,14
5,63,C_theta,1.59,1.312908697256164,17
5,63,C_theta,1.6,1.3083605555558904,21
6,127,C(a),0.3,3.9331784010612516,4
6,127,C(a),0.31,3.6009587004644263,12
6,127,C(a),0.32,3.324103839061889,12
6,127,C(a),0.33,3.0685345909246005,12
6,127,C(a),0.34,2.86063163932537,28
6,127,C(a),0.35,2.694041421565603,28
6,127,C(a),0.36,2.5371526628373755,28
6,127,C(a),0.37,2.3894003941490762,28
6,127,C(a),0.38,2.2502525477418236,28
6,127,C(a),0.39,2.1192080410708467,28
6,127,C(a),0.4,2.018965179946554,12
6,127,C(a),0.41,1.9398004229089192,12
6,127,C(a),0.42,1.8637397603940997,12
6,127,C(a),0.43,1.7906614791149322,12
6,127,C(a),0.44,1.7204486382305053,12
6,127,C(a),0.45,1.6529888822158654,12
6,127,C(a),0.46,1.5940761643380565,4
6,127,C(a),0.47,1.5625113414340845,4
6,127,C(a),0.48,1.5315715439004483,4
6,127,C(a),0.49,1.5012443954055983,4
6,127,C(a),0.5,1.4715177646857693,4
6,127,C(a),0.51,1.4423797606923132,4
6,127,C(a),0.52,1.4138187278351206,4
6,127,C(a),0.53,1.3858232413202296,4
6,127,C(a),0.54,1.3583821025797564,4
6,127,C(a),0.55,1.3314843347923182,4
6,127,C(a),0.56,1.3051191784921579,4
6,127,C(a),0.57,1.2792760872652158,4
6,127,C(a),0.58,1.2539447235304213,4
6,127,C(a),0.59,1.229114954404525,4
6,127,C(a),0.6,1.2047768476488085,4
6,127,C(a),0.61,1.1809206676960569,4
6,127,C(a),0.62,1.1575368717562025,4
6,127,C(a),0.63,1.1346161059990816,4
6,127,C(a),0.64,1.1121492018127765,4
6,127,C(a),0.65,1.0901271721360504,4
6,127,C(a),0.66,1.0685412078634013,4
6,127,C(a),0.67,1.047382674321304,4
6,127,C(a),0.68,1.0266431078142235,4
6,127,C(a),0.69,1.006314212239026,4
6,127,C(a),0.7,1.0,0
6,127,C(a),0.71,1.0,0
6,127,C(a),0.72,1.0,0
6,127,C(a),0.73,1.0,0
6,127,C(a),0.74,1.0,0
6,127,C(a),0.75,1.0,0
6,127,C(a),0.76,1.0,0
6,127,C(a),0.77,1.0,0
6,127,C(a),0.78,1.0,0
6,127,C(a),0.79,1.0,0
6,127,C(a),0.8,1.0,0
6,127,C(a),0.346574,2.7500000000000004,28
6,127,C_theta,0.3,11.694960145584322,5
6,127,C_theta,0.31,11.036795894008451,9
6,127,C_theta,0.32,10.430200266881661,10
6,127,C_theta,0.33,9.870574281423387,9
6,127,C_theta,0.34,9.353765107112554,5
6,127,C_theta,0.35,8.876019993571427,5
6,127,C_theta,0.36,8.433945195630981,10
6,127,C_theta,0.37,8.024469331888412,6
6,127,C_theta,0.38,7.644810678667598,10
6,127,C_theta,0.39,7.29244795906947,9
6,127,C_theta,0.4,6.965094237701593,5
6,127,C_theta,0.41,6.660673576539876,10
6,127,C_theta,0.42,6.377300146930536,5
6,127,C_theta,0.43,6.1132595276294,6
6,127,C_theta,0.44,5.86699194955993,10
6,127,C_theta,0.45,5.641194485609518,12
6,127,C_theta,0.46,5.433235163965427,20
6,127,C_theta,0.47,5.238267136908826,20
6,127,C_theta,0.48,5.055299043140871,20
6,127,C_theta,0.49,4.883425999054174,20
6,127,C_theta,0.5,4.721821260781514,12
6,127,C_theta,0.51,4.569728756163617,20
6,127,C_theta,0.52,4.426456390008863,16
6,127,C_theta,0.53,4.291370037291949,24
6,127,C_theta,0.54,4.1638881488462145,20
6,127,C_theta,0.55,4.043476902815911,16
6,127,C_theta,0.56,3.9296458427990544,20
6,127,C_theta,0.57,3.821943950358599,24
6,127,C_theta,0.58,3.719956105522592,12
6,127,C_theta,0.59,3.623299894132114,12
6,127,C_theta,0.6,3.5316227255153256,20
6,127,C_theta,0.61,3.4445992280426534,20
6,127,C_theta,0.62,3.361928893718092,16
6,127,C_theta,0.63,3.283333946142569,20
6,127,C_theta,0.64,3.2085574089981015,20
6,127,C_theta,0.65,3.1379469694717517,25
6,127,C_theta,0.66,3.0712255254783973,25
6,127,C_theta,0.67,3.007508060096846,26
6,127,C_theta,0.68,2.946620475676444,13
6,127,C_theta,0.69,2.88840072786282,25
6,127,C_theta,0.7,2.8326978659441964,25
6,127,C_theta,0.71,2.7793711591534085,25
6,127,C_theta,0.72,2.7282893004164364,25
6,127,C_theta,0.73,2.6793296799533834,13
6,127,C_theta,0.74,2.632377721947621,17
6,127,C_theta,0.75,2.58732627821633,26
6,127,C_theta,0.76,2.544075073451922,17
6,127,C_theta,0.77,2.502530197168355,13
6,127,C_theta,0.78,2.462603637987992,26
6,127,C_theta,0.79,2.4242128563506267,21
6,127,C_theta,0.8,2.387280392123165,26
6,127,C_theta,0.81,2.3517335039420266,26
6,127,C_theta,0.82,2.317503837435574,25
6,127,C_theta,0.83,2.2845271197552095,22
6,127,C_theta,0.84,2.252742878095148,13
6,127,C_theta,0.85,2.2220941801055334,21
6,127,C_theta,0.86,2.192527394304773,21
6,127,C_theta,0.87,2.163991968777127,26
6,127,C_theta,0.88,2.136440226603139,25
6,127,C_theta,0.89,2.109827176615559,13
6,127,C_theta,0.9,2.084110338203677,22
6,127,C_theta,0.91,2.0592495790061465,21
6,127,C_theta,0.92,2.0352069644378354,17
6,127,C_theta,0.93,2.011946618091263,22
6,127,C_theta,0.94,1.9894345921388303,13
6,127,C_theta,0.95,1.9676387469394039,26
6,127,C_theta,0.96,1.9465286391226844,25
6,127,C_theta,0.97,1.9260754174879011,25
6,127,C_theta,0.98,1.9062517261106557,21
6,127,C_theta,0.99,1.8870316141034031,26
6,127,C_theta,1.0,1.868390451522137,18
6,127,C_theta,1.01,1.8503048509543567,21
6,127,C_theta,1.02,1.8327525943621725,26
6,127,C_theta,1.03,1.8157125647895256,18
6,127,C_theta,1.04,1.7991646825745644,21
6,127,C_theta,1.05,1.7830898457373003,13
6,127,C_theta,1.06,1.7674698742392738,25
6,127,C_theta,1.07,1.7522874578361527,14
6,127,C_theta,1.08,1.737526107266298,21
6,127,C_theta,1.09,1.723170108538551,21
6,127,C_theta,1.1,1.709204480100887,13
6,127,C_theta,1.11,1.6956149326885728,21
6,127,C_theta,1.12,1.6823878316658225,13
6,127,C_theta,1.13,1.669510161689192,18
6,127,C_theta,1.14,1.656969493533884,21
6,127,C_theta,1.15,1.6447539529361004,17
6,127,C_theta,1.16,1.6328521913154752,26
6,127,C_theta,1.17,1.6212533582517146,21
6,127,C_theta,1.18,1.609947075598788,25
6,127,C_theta,1.19,1.5989234131285102,13
6,127,C_theta,1.2,1.5881728656032317,26
6,127,C_theta,1.21,1.5776863311844926,17
6,127,C_theta,1.22,1.5674550910911988,14
6,127,C_theta,1.23,1.557470790426991,18
6,127,C_theta,1.24,1.5477254201021282,14
6,127,C_theta,1.25,1.5382112997804334,22
6,127,C_theta,1.26,1.528921061786692,26
6,127,C_theta,1.27,1.5198476359143305,26
6,127,C_theta,1.28,1.5109842350773426,17
6,127,C_theta,1.29,1.5023243417542647,25
6,127,C_theta,1.3,1.4938616951754933,25
6,127,C_theta,1.31,1.4855902792085818,26
6,127,C_theta,1.32,1.4775043108991222,25
6,127,C_theta,1.33,1.4695982296276842,17
6,127,C_theta,1.34,1.4618666868458634,17
6,127,C_theta,1.35,1.4543045363569487,18
6,127,C_theta,1.36,1.4469107515384763,52
6,127,C_theta,1.37,1.439676657652242,48
6,127,C_theta,1.38,1.4325971067237908,56
6,127,C_theta,1.39,1.4256677280535346,52
6,127,C_theta,1.4,1.4188843070630432,56
6,127,C_theta,1.41,1.4122427786298404,44
6,127,C_theta,1.42,1.4057392207484498,28
6,127,C_theta,1.43,1.3993698484998458,52
6,127,C_theta,1.44,1.393131008312534,28
6,127,C_theta,1.45,1.3870191724995176,28
6,127,C_theta,1.46,1.381030934056316,28
6,127,C_theta,1.47,1.3751630017060974,44
6,127,C_theta,1.48,1.369412195178779,44
6,127,C_theta,1.49,1.3637754407117666,28
6,127,C_theta,1.5,1.3582497667606717,44
6,127,C_theta,1.51,1.3528322999090372,52
6,127,C_theta,1.52,1.3475202609667545,28
6,127,C_theta,1.53,1.342310961247401,48
6,127,C_theta,1.54,1.3372017990153322,44
6,127,C_theta,1.55,1.3321902560938264,56
6,127,C_theta,1.56,1.3272738946261293,44
6,127,C_theta,1.57,1.3224503539816495,56
6,127,C_theta,1.58,1.3177173478000008,28
6,127,C_theta,1.59,1.3130726611660415,44
6,127,C_theta,1.6,1.3085141479093376,44
7,255,C(a),0.3,4.344471869119518,4
7,255,C(a),0.31,3.9192806082395286,12
7,255,C(a),0.32,3.5463117461178606,12
7,255,C(a),0.33,3.2112571300373722,28
7,255,C(a),0.34,2.9643639491881326,28
7,255,C(a),0.35,2.7364528181348087,28
7,255,C(a),0.36,2.5371526628373755,28
7,255,C(a),0.37,2.3894003941490762,28
7,255,C(a),0.38,2.2502525477418236,28
7,255,C(a),0.39,2.1192080410708467,28
7,255,C(a),0.4,2.018965179946554,12
7,255,C(a),0.41,1.9398004229089192,12
7,255,C(a),0.42,1.8637397603940997,12
7,255,C(a),0.43,1.7906614791149322,12
7,255,C(a),0.44,1.7204486382305053,12
7,255,C(a),0.45,1.6529888822158654,12
7,255,C(a),0.46,1.5940761643380565,4
7,255,C(a),0.47,1.5625113414340845,4
7,255,C(a),0.48,1.5315715439004483,4
7,255,C(a),0.49,1.5012443954055983,4
7,255,C(a),0.5,1.4715177646857693,4
7,255,C(a),0.51,1.4423797606923132,4
7,255,C(a),0.52,1.4138187278351206,4
7,255,C(a),0.53,1.3858232413202296,4
7,255,C(a),0.54,1.3583821025797564,4
7,255,C(a),0.55,1.3314843347923182,4
7,255,C(a),0.56,1.3051191784921579,4
7,255,C(a),0.57,1.2792760872652158,4
7,255,C(a),0.58,1.2539447235304213,4
7,255,C(a),0.59,1.229114954404525,4
7,255,C(a),0.6,1.2047768476488085,4
7,255,C(a),0.61,1.1809206676960569,4
7,255,C(a),0.62,1.1575368717562025,4
7,255,C(a),0.63,1.1346161059990816,4
7,255,C(a),0.64,1.1121492018127765,4
7,255,C(a),0.65,1.0901271721360504,4
7,255,C(a),0.66,1.0685412078634013,4
7,255,C(a),0.67,1.047382674321304,4
7,255,C(a),0.68,1.0266431078142235,4
7,255,C(a),0.69,1.006314212239026,4
7,255,C(a),0.7,1.0,0
7,255,C(a),0.71,1.0,0
7,255,C(a),0.72,1.0,0
7,255,C(a),0.73,1.0,0
7,255,C(a),0.74,1.0,0
7,255,C(a),0.75,1.0,0
7,255,C(a),0.76,1.0,0
7,255,C(a),0.77,1.0,0
7,255,C(a),0.78,1.0,0
7,255,C(a),0.79,1.0,0
7,255,C(a),0.8,1.0,0
7,255,C(a),0.346574,2.8125,28
7,255,C_theta,0.3,14.276284431874641,5
7,255,C_theta,0.31,13.318428658384411,5
7,255,C_theta,0.32,12.447642900577463,5
7,255,C_theta,0.33,11.655027410572316,10
7,255,C_theta,0.34,10.93266223752817,9
7,255,C_theta,0.35,10.273493295709688,5
7,255,C_theta,0.36,9.671232268621198,6
7,255,C_theta,0.37,9.120268608085018,6
7,255,C_theta,0.38,8.61559211277949,5
7,255,C_theta,0.39,8.164046541738182,16
7,255,C_theta,0.4,7.751795628295969,12
7,255,C_theta,0.41,7.371826115355195,12
7,255,C_theta,0.42,7.021142901746322,12
7,255,C_theta,0.43,6.69706092517972,12
7,255,C_theta,0.44,6.3971703585352815,12
7,255,C_theta,0.45,6.119305972149521,20
7,255,C_theta,0.46,5.861520136844451,12
7,255,C_theta,0.47,5.622059011507896,12
7,255,C_theta,0.48,5.399341518707588,12
7,255,C_theta,0.49,5.191940763414076,12
7,255,C_theta,0.5,4.99856759454421,12
7,255,C_theta,0.51,4.818056047683141,12
7,255,C_theta,0.52,4.652252897037003,13
7,255,C_theta,0.53,4.497685106678482,14
7,255,C_theta,0.54,4.352576741198577,26
7,255,C_theta,0.55,4.216202014129169,13
7,255,C_theta,0.56,4.08789989899163,14
7,255,C_theta,0.57,3.967067648624161,14
7,255,C_theta,0.58,3.853155026809898,17
7,255,C_theta,0.59,3.745659167562229,13
7,255,C_theta,0.6,3.644119988147968,13
7,255,C_theta,0.61,3.548116091222564,13
7,255,C_theta,0.62,3.4572610995132447,13
7,255,C_theta,0.63,3.371200373486141,13
7,255,C_theta,0.64,3.2896080685179516,13
7,255,C_theta,0.65,3.2121844933867765,13
7,255,C_theta,0.66,3.1386537365078864,14
7,255,C_theta,0.67,3.0687615303605944,26
7,255,C_theta,0.68,3.002273328061629,13
7,255,C_theta,0.69,2.9389725691064954,14
7,255,C_theta,0.7,2.8786591139823448,17
7,255,C_theta,0.71,2.8211478297042865,25
7,255,C_theta,0.72,2.766267310385688,17
7,255,C_theta,0.73,2.7138587187596297,13
7,255,C_theta,0.74,2.6637747361556903,26
7,255,C_theta,0.75,2.615878609832073,18
7,255,C_theta,0.76,2.57004328779201,17
7,255,C_theta,0.77,2.526150632296489,13
7,255,C_theta,0.78,2.484090704241172,13
7,255,C_theta,0.79,2.443761111409605,13
7,255,C_theta,0.8,2.4050664143613663,14
7,255,C_theta,0.81,2.3680295216317235,44
7,255,C_theta,0.82,2.3325542898129776,40
7,255,C_theta,0.83,2.298431813185253,28
7,255,C_theta,0.84,2.2655932420789915,36
7,255,C_theta,0.85,2.2339740041853036,32
7,255,C_theta,0.86,2.2035134967992636,28
7,255,C_theta,0.87,2.174154804020501,52
7,255,C_theta,0.88,2.145844436662535,28
7,255,C_theta,0.89,2.118532092845256,28
7,255,C_theta,0.9,2.0921704374437886,28
7,255,C_theta,0.91,2.066714898744512,52
7,255,C_theta,0.92,2.0421234808177275,28
7,255,C_theta,0.93,2.0183565902584943,52
7,255,C_theta,0.94,1.9953768760744095,28
7,255,C_theta,0.95,1.9731490816133,28
7,255,C_theta,0.96,1.9516399075262134,36
7,255,C_theta,0.97,1.9308178848533286,48
7,255,C_theta,0.98,1.9106532574032316,44
7,255,C_theta,0.99,1.891117872670753,56
7,255,C_theta,1.0,1.8721850806058618,28
7,255,C_theta,1.01,1.853829639606945,32
7,255,C_theta,1.02,1.8360276291666713,32
7,255,C_theta,1.03,1.8187563686483568,28
7,255,C_theta,1.04,1.8019943417156856,56
7,255,C_theta,1.05,1.7857211259794008,44
7,255,C_theta,1.06,1.7699173274615025,32
7,255,C_theta,1.07,1.7545645195110584,48
7,255,C_theta,1.08,1.7396451858361843,48
7,255,C_theta,1.09,1.7251426673444696,48
7,255,C_theta,1.1,1.7110411125093294,48
7,255,C_theta,1.11,1.697325431002727,52
7,255,C_theta,1.12,1.683981250355661,40
7,255,C_theta,1.13,1.6709948754268895,32
7,255,C_theta,1.14,1.6583532504778153,44
7,255,C_theta,1.15,1.6460439236673579,32
7,255,C_theta,1.16,1.6340550137952343,44
7,255,C_theta,1.17,1.6223751791353762,28
7,255,C_theta,1.18,1.6109935882134196,56
7,255,C_theta,1.19,1.5998998923933645,36
7,255,C_theta,1.2,1.5890842001487968,56
7,255,C_theta,1.21,1.5785370529034015,48
7,255,C_theta,1.22,1.568249402334206,44
7,255,C_theta,1.23,1.5582125890388603,44
7,255,C_theta,1.24,1.5484183224755859,44
7,255,C_theta,1.25,1.538858662091136,36
7,255,C_theta,1.26,1.5295259995582509,28
7,255,C_theta,1.27,1.520413042049811,40
7,255,C_theta,1.28,1.5115127964821145,36
7,255,C_theta,1.29,1.5028185546645287,28
7,255,C_theta,1.3,1.4943238792972295,36
7,255,C_theta,1.31,1.4860225907628541,40
7,255,C_theta,1.32,1.4779087546616814,36
7,255,C_theta,1.33,1.4699766700434833,28
7,255,C_theta,1.34,1.4622208582923977,36
7,255,C_theta,1.35,1.4546360526242184,32
7,255,C_theta,1.36,1.4472171881582443,48
7,255,C_theta,1.37,1.439959392528397,36
7,255,C_theta,1.38,1.4328579770007321,36
7,255,C_theta,1.39,1.4259091971223032,57
7,255,C_theta,1.4,1.4191080303023058,34
7,255,C_theta,1.41,1.412450062073366,46
7,255,C_theta,1.42,1.405931274151447,34
7,255,C_theta,1.43,1.3995477924518238,42
7,255,C_theta,1.44,1.3932958808230376,58
7,255,C_theta,1.45,1.3871719350959797,29
7,255,C_theta,1.46,1.3811724774303449,50
7,255,C_theta,1.47,1.3752941509417742,34
7,255,C_theta,1.48,1.3695337145940483,53
7,255,C_theta,1.49,1.3638880383416578,29
7,255,C_theta,1.5,1.3583540985089546,34
7,255,C_theta,1.51,1.3529289733929148,50
7,255,C_theta,1.52,1.3476098390773816,54
7,255,C_theta,1.53,1.342393965447286,45
7,255,C_theta,1.54,1.3372787123921368,30
7,255,C_theta,1.55,1.3322615261886206,34
7,255,C_theta,1.56,1.3273399360527882,37
7,255,C_theta,1.57,1.3225115508528749,30
7,255,C_theta,1.58,1.3177740559742857,41
7,255,C_theta,1.59,1.3131252103288025,29
7,255,C_theta,1.6,1.3085628435005106,29
8,511,C(a),0.3,4.783589005732387,4
8,511,C(a),0.31,4.240944372995947,12
8,511,C(a),0.32,3.7613802353907366,12
8,511,C(a),0.33,3.3563682335128395,28
8,511,C(a),0.34,3.036967566389672,28
8,511,C(a),0.35,2.7972628807600266,60
8,511,C(a),0.36,2.5821990903701515,60
8,511,C(a),0.37,2.3894003941490762,28
8,511,C(a),0.38,2.2502525477418236,28
8,511,C(a),0.39,2.1192080410708467,28
8,511,C(a),0.4,2.018965179946554,12
8,511,C(a),0.41,1.9398004229089192,12
8,511,C(a),0.42,1.8637397603940997,12
8,511,C(a),0.43,1.7906614791149322,12
8,511,C(a),0.44,1.7204486382305053,12
8,511,C(a),0.45,1.6529888822158654,12
8,511,C(a),0.46,1.5940761643380565,4
8,511,C(a),0.47,1.5625113414340845,4
8,511,C(a),0.48,1.5315715439004483,4
8,511,C(a),0.49,1.5012443954055983,4
8,511,C(a),0.5,1.4715177646857693,4
8,511,C(a),0.51,1.4423797606923132,4
8,511,C(a),0.52,1.4138187278351206,4
8,511,C(a),0.53,1.3858232413202296,4
8,511,C(a),0.54,1.3583821025797564,4
8,511,C(a),0.55,1.3314843347923182,4
8,511,C(a),0.56,1.3051191784921579,4
8,511,C(a),0.57,1.2792760872652158,4
8,511,C(a),0.58,1.2539447235304213,4
8,511,C(a),0.59,1.229114954404525,4
8,511,C(a),0.6,1.2047768476488085,4
8,511,C(a),0.61,1.1809206676960569,4
8,511,C(a),0.62,1.1575368717562025,4
8,511,C(a),0.63,1.1346161059990816,4
8,511,C(a),0.64,1.1121492018127765,4
8,511,C(a),0.65,1.0901271721360504,4
8,511,C(a),0.66,1.0685412078634013,4
8,511,C(a),0.67,1.047382674321304,4
8,511,C(a),0.68,1.0266431078142235,4
8,511,C(a),0.69,1.006314212239026,4
8,511,C(a),0.7,1.0,0
8,511,C(a),0.71,1.0,0
8,511,C(a),0.72,1.0,0
8,511,C(a),0.73,1.0,0
8,511,C(a),0.74,1.0,0
8,511,C(a),0.75,1.0,0
8,511,C(a),0.76,1.0,0
8,511,C(a),0.77,1.0,0
8,511,C(a),0.78,1.0,0
8,511,C(a),0.79,1.0,0
8,511,C(a),0.8,1.0,0
8,511,C(a),0.346574,2.875,60
8,511,C_theta,0.3,17.10960604157112,6
8,511,C_theta,0.31,15.773211966844032,6
8,511,C_theta,0.32,14.575207333955966,5
8,511,C_theta,0.33,13.499621372849345,9
8,511,C_theta,0.34,12.532454468459811,5
8,511,C_theta,0.35,11.670186411039587,12
8,511,C_theta,0.36,10.907186405896738,20
8,511,C_theta,0.37,10.216174684864999,12
8,511,C_theta,0.38,9.589307841957485,12
8,511,C_theta,0.39,9.019678825528459,12
8,511,C_theta,0.4,8.501197362220296,12
8,511,C_theta,0.41,8.02848649198136,12
8,511,C_theta,0.42,7.59679294592862,12
8,511,C_theta,0.43,7.20190942996558,12
8,511,C_theta,0.44,6.840107158393548,12
8,511,C_theta,0.45,6.512273504385574,26
8,511,C_theta,0.46,6.2140528165248,26
8,511,C_theta,0.47,5.938802762550441,13
8,511,C_theta,0.48,5.6843647265260655,25
8,511,C_theta,0.49,5.4488106435765165,14
8,511,C_theta,0.5,5.230415913797137,26
8,511,C_theta,0.51,5.027635753059167,13
8,511,C_theta,0.52,4.8390845157785565,21
8,511,C_theta,0.53,4.663517591044631,14
8,511,C_theta,0.54,4.499815529949537,13
8,511,C_theta,0.55,4.3469701100456515,21
8,511,C_theta,0.56,4.204072083869142,14
8,511,C_theta,0.57,4.070300393484685,14
8,511,C_theta,0.58,3.944912662939146,17
8,511,C_theta,0.59,3.82723680612888,13
8,511,C_theta,0.6,3.7166636095341947,13
8,511,C_theta,0.61,3.6126401681029767,13
8,511,C_theta,0.62,3.5146640687364687,13
8,511,C_theta,0.63,3.4230441867952184,44
8,511,C_theta,0.64,3.3367862918813573,28
8,511,C_theta,0.65,3.2551541169058464,40
8,511,C_theta,0.66,3.1778236543012053,28
8,511,C_theta,0.67,3.1044979304124096,40
8,511,C_theta,0.68,3.034904441341811,28
8,511,C_theta,0.69,2.968792858742068,28
8,511,C_theta,0.7,2.9059329744554003,28
8,511,C_theta,0.71,2.8461128567770273,32
8,511,C_theta,0.72,2.7891371944815195,36
8,511,C_theta,0.73,2.7348258076666996,44
8,511,C_theta,0.74,2.6830123070030547,44
8,511,C_theta,0.75,2.633542885180849,28
8,511,C_theta,0.76,2.5862752262676825,44
8,511,C_theta,0.77,2.5410775203650693,40
8,511,C_theta,0.78,2.4978275724168464,40
8,511,C_theta,0.79,2.456411995303472,32
8,511,C_theta,0.8,2.416725478478925,32
8,511,C_theta,0.81,2.378670124391863,44
8,511,C_theta,0.82,2.3421548457981385,40
8,511,C_theta,0.83,2.3070948178330752,28
8,511,C_theta,0.84,2.2734109793826014,36
8,511,C_theta,0.85,2.2410493568650853,29
8,511,C_theta,0.86,2.2099783187832176,45
8,511,C_theta,0.87,2.1800631769432295,34
8,511,C_theta,0.88,2.151245526392297,42
8,511,C_theta,0.89,2.1234706085655826,29
8,511,C_theta,0.9,2.096687046521747,29
8,511,C_theta,0.91,2.0708466018057976,33
8,511,C_theta,0.92,2.045903950985712,29
8,511,C_theta,0.93,2.0218164801027316,57
8,511,C_theta,0.94,1.9985440954477276,30
8,511,C_theta,0.95,1.9760490492301974,30
8,511,C_theta,0.96,1.9542957788442141,41
8,511,C_theta,0.97,1.9332507585590535,41
8,511,C_theta,0.98,1.9128823625728173,37
8,511,C_theta,0.99,1.893160738466596,29
8,511,C_theta,1.0,1.8740576901858694,57
8,511,C_theta,1.01,1.8555465697559879,33
8,511,C_theta,1.02,1.8376021770107813,54
8,511,C_theta,1.03,1.8202006666783324,37
8,511,C_theta,1.04,1.803319462226657,29
8,511,C_theta,1.05,1.7869371759249582,30
8,511,C_theta,1.06,1.771033534624023,53
8,511,C_theta,1.07,1.7555893108026168,29
8,511,C_theta,1.08,1.7405862584659364,33
8,511,C_theta,1.09,1.72600705351772,45
8,511,C_theta,1.1,1.7118352382598256,29
8,511,C_theta,1.11,1.698055169702363,41
8,511,C_theta,1.12,1.6846519713939945,53
8,511,C_theta,1.13,1.6716114885062492,29
8,511,C_theta,1.14,1.6589202459276022,33
8,511,C_theta,1.15,1.6465654091431656,29
8,511,C_theta,1.16,1.6345347476940189,30
8,511,C_theta,1.17,1.6228166010268905,34
8,511,C_theta,1.18,1.6113998465600639,41
8,511,C_theta,1.19,1.6002738698052463,29
8,511,C_theta,1.2,1.589428536397828,29
8,511,C_theta,1.21,1.5788541658995254,34
8,511,C_theta,1.22,1.5685415072480298,50
8,511,C_theta,1.23,1.558481715737968,46
8,511,C_theta,1.24,1.54866633142641,46
8,511,C_theta,1.25,1.539087258864275,29
8,511,C_theta,1.26,1.5297367480625155,37
8,511,C_theta,1.27,1.5206073766087884,29
8,511,C_theta,1.28,1.5116920328566552,30
8,511,C_theta,1.29,1.5029839001151413,42
8,511,C_theta,1.3,1.4944764417718261,33
8,511,C_theta,1.31,1.4861633872875113,29
8,511,C_theta,1.32,1.4780387190050779,45
8,511,C_theta,1.33,1.4700966597192529,38
8,511,C_theta,1.34,1.4623316609578745,49
8,511,C_theta,1.35,1.4547383919287509,37
8,511,C_theta,1.36,1.4473117290894957,34
8,511,C_theta,1.37,1.4400467463007065,30
8,511,C_theta,1.38,1.4329387055256464,42
8,511,C_theta,1.39,1.42598304804214,29
8,511,C_theta,1.4,1.4191753861348069,34
8,511,C_theta,1.41,1.4125114952378917,46
8,511,C_theta,1.42,1.4059873065010255,34
8,511,C_theta,1.43,1.3995988997521267,42
8,511,C_theta,1.44,1.3933424968333694,29
8,511,C_theta,1.45,1.3872144552877783,29
8,511,C_theta,1.46,1.3812112623755095,50
8,511,C_theta,1.47,1.375329529400246,34
8,511,C_theta,1.48,1.369565986327432,34
8,511,C_theta,1.49,1.3639174766772755,29
8,511,C_theta,1.5,1.3583809526765445,49
8,511,C_theta,1.51,1.3529534706542021,33
8,511,C_theta,1.52,1.3476321866669425,57
8,511,C_theta,1.53,1.3424143523414744,45
8,511,C_theta,1.54,1.337297310921361,53
8,511,C_theta,1.55,1.3322784935068785,34
8,511,C_theta,1.56,1.3273554154771396,37
8,511,C_theta,1.57,1.3225256730843953,30
8,511,C_theta,1.58,1.3177869402110192,41
8,511,C_theta,1.59,1.3131369652802927,29
8,511,C_theta,1.6,1.3085735683126407,58
9,1023,C(a),0.3,5.263447463987673,12
9,1023,C(a),0.31,4.575821399406645,12
9,1023,C(a),0.32,3.9780280172882527,12
9,1023,C(a),0.33,3.4885499153649295,28
9,1023,C(a),0.34,3.103714106310324,60
9,1023,C(a),0.35,2.8083566582756205,60
9,1023,C(a),0.36,2.5821990903701515,60
9,1023,C(a),0.37,2.3894003941490762,28
9,1023,C(a),0.38,2.2502525477418236,28
9,1023,C(a),0.39,2.1192080410708467,28
9,1023,C(a),0.4,2.018965179946554,12
9,1023,C(a),0.41,1.9398004229089192,12
9,1023,C(a),0.42,1.8637397603940997,12
9,1023,C(a),0.43,1.7906614791149322,12
9,1023,C(a),0.44,1.7204486382305053,12
9,1023,C(a),0.45,1.6529888822158654,12
9,1023,C(a),0.46,1.5940761643380565,4
9,1023,C(a),0.47,1.5625113414340845,4
9,1023,C(a),0.48,1.5315715439004483,4
9,1023,C(a),0.49,1.5012443954055983,4
9,1023,C(a),0.5,1.4715177646857693,4
9,1023,C(a),0.51,1.4423797606923132,4
9,1023,C(a),0.52,1.4138187278351206,4
9,1023,C(a),0.53,1.3858232413202296,4
9,1023,C(a),0.54,1.3583821025797564,4
9,1023,C(a),0.55,1.3314843347923182,4
9,1023,C(a),0.56,1.3051191784921579,4
9,1023,C(a),0.57,1.2792760872652158,4
9,1023,C(a),0.58,1.2539447235304213,4
9,1023,C(a),0.59,1.229114954404525,4
9,1023,C(a),0.6,1.2047768476488085,4
9,1023,C(a),0.61,1.1809206676960569,4
9,1023,C(a),0.62,1.1575368717562025,4
9,1023,C(a),0.63,1.1346161059990816,4
9,1023,C(a),0.64,1.1121492018127765,4
9,1023,C(a),0.65,1.0901271721360504,4
9,1023,C(a),0.66,1.0685412078634013,4
9,1023,C(a),0.67,1.047382674321304,4
9,1023,C(a),0.68,1.0266431078142235,4
9,1023,C(a),0.69,1.006314212239026,4
9,1023,C(a),0.7,1.0,0
9,1023,C(a),0.71,1.0,0
9,1023,C(a),0.72,1.0,0
9,1023,C(a),0.73,1.0,0
9,1023,C(a),0.74,1.0,0
9,1023,C(a),0.75,1.0,0
9,1023,C(a),0.76,1.0,0
9,1023,C(a),0.77,1.0,0
9,1023,C(a),0.78,1.0,0
9,1023,C(a),0.79,1.0,0
9,1023,C(a),0.8,1.0,0
9,1023,C(a),0.346574,2.90625,60
9,1023,C_theta,0.3,20.219525777967284,5
9,1023,C_theta,0.31,18.41428601941624,5
9,1023,C_theta,0.32,16.81890454872382,5
9,1023,C_theta,0.33,15.429201625170524,24
9,1023,C_theta,0.34,14.208790917862366,12
9,1023,C_theta,0.35,13.121400274725215,12
9,1023,C_theta,0.36,12.150572616341789,20
9,1023,C_theta,0.37,11.282055375409348,24
9,1023,C_theta,0.38,10.503487461882441,12
9,1023,C_theta,0.39,9.80413279024102,12
9,1023,C_theta,0.4,9.17465317184403,12
9,1023,C_theta,0.41,8.614533070904088,13
9,1023,C_theta,0.42,8.113106947209516,14
9,1023,C_theta,0.43,7.657778897548905,14
9,1023,C_theta,0.44,7.243491768977404,13
9,1023,C_theta,0.45,6.865808284513546,26
9,1023,C_theta,0.46,6.520828616527261,26
9,1023,C_theta,0.47,6.20511966108633,13
9,1023,C_theta,0.48,5.9156542591213945,25
9,1023,C_theta,0.49,5.649758885593874,14
9,1023,C_theta,0.5,5.405068558268589,26
9,1023,C_theta,0.51,5.1794879107650775,13
9,1023,C_theta,0.52,4.971157536542837,25
9,1023,C_theta,0.53,4.778424846544872,17
9,1023,C_theta,0.54,4.601848003248461,28
9,1023,C_theta,0.55,4.43837955222748,28
9,1023,C_theta,0.56,4.286092391487741,40
9,1023,C_theta,0.57,4.144010039728723,40
9,1023,C_theta,0.58,4.011255539614642,40
9,1023,C_theta,0.59,3.8870401168943793,32
9,1023,C_theta,0.6,3.7706532529046406,36
9,1023,C_theta,0.61,3.6614539803469697,56
9,1023,C_theta,0.62,3.5588632395532316,52
9,1023,C_theta,0.63,3.462357155619174,44
9,1023,C_theta,0.64,3.3714611164562145,44
9,1023,C_theta,0.65,3.28574454854196,40
9,1023,C_theta,0.66,3.2048163014024613,28
9,1023,C_theta,0.67,3.1286326207431525,30
9,1023,C_theta,0.68,3.056643068136613,53
9,1023,C_theta,0.69,2.98838694168688,53
9,1023,C_theta,0.7,2.923606309890323,50
9,1023,C_theta,0.71,2.8620647149898217,49
9,1023,C_theta,0.72,2.803545130929999,49
9,1023,C_theta,0.73,2.7478481371407057,45
9,1023,C_theta,0.74,2.694790283158041,29
9,1023,C_theta,0.75,2.644202622234553,29
9,1023,C_theta,0.76,2.595929394806741,30
9,1023,C_theta,0.77,2.549826845040053,29
9,1023,C_theta,0.78,2.5057621557119196,29
9,1023,C_theta,0.79,2.4636124884659605,29
9,1023,C_theta,0.8,2.4232641180131402,29
9,1023,C_theta,0.81,2.3846116502002768,42
9,1023,C_theta,0.82,2.347557315040193,34
9,1023,C_theta,0.83,2.3120103268241974,42
9,1023,C_theta,0.84,2.2778863043363717,34
9,1023,C_theta,0.85,2.245106744977339,29
9,1023,C_theta,0.86,2.213598547297432,45
9,1023,C_theta,0.87,2.1832935770479756,34
9,1023,C_theta,0.88,2.154128272395542,42
9,1023,C_theta,0.89,2.1260432844168555,45
9,1023,C_theta,0.9,2.098983149409516,29
9,1023,C_theta,0.91,2.0728959899228627,33
9,1023,C_theta,0.92,2.047733241740036,29
9,1023,C_theta,0.93,2.0234494043319713,57
9,1023,C_theta,0.94,2.0000018125610053,30
9,1023,C_theta,0.95,1.9773504276401834,57
9,1023,C_theta,0.96,1.9554576455573638,41
9,1023,C_theta,0.97,1.9342881213540657,41
9,1023,C_theta,0.98,1.9138086078101946,37
9,1023,C_theta,0.99,1.89398780722957,29
9,1023,C_theta,1.0,1.874796235149654,57
9,1023,C_theta,1.01,1.8562137627122366,60
9,1023,C_theta,1.02,1.8382068597583383,84
9,1023,C_theta,1.03,1.8207488376628975,60
9,1023,C_theta,1.04,1.8038165312767003,60
9,1023,C_theta,1.05,1.787388023228786,88
9,1023,C_theta,1.06,1.7714425636790556,64
9,1023,C_theta,1.07,1.7559604959652422,88
9,1023,C_theta,1.08,1.740923187663419,120
9,1023,C_theta,1.09,1.7263129666240489,64
9,1023,C_theta,1.1,1.7121130615842621,68
9,1023,C_theta,1.11,1.6983075469920634,84
9,1023,C_theta,1.12,1.6848812917098435,68
9,1023,C_theta,1.13,1.6718199112932932,84
9,1023,C_theta,1.14,1.6591097235678287,92
9,1023,C_theta,1.15,1.6467377072482743,84
9,1023,C_theta,1.16,1.6346914633689837,72
9,1023,C_theta,1.17,1.6229591793110938,84
9,1023,C_theta,1.18,1.6115295952313249,92
9,1023,C_theta,1.19,1.600391972712864,72
9,1023,C_theta,1.2,1.5895360654736077,100
9,1023,C_theta,1.21,1.5789520919803806,72
9,1023,C_theta,1.22,1.5686307098300105,64
9,1023,C_theta,1.23,1.558562991769273,60
9,1023,C_theta,1.24,1.5487404032358854,60
9,1023,C_theta,1.25,1.5391547813120763,64
9,1023,C_theta,1.26,1.5297983149907288,92
9,1023,C_theta,1.27,1.5206635266618935,112
9,1023,C_theta,1.28,1.511743254734624,80
9,1023,C_theta,1.29,1.5030306373155724,112
9,1023,C_theta,1.3,1.4945190968718158,60
9,1023,C_theta,1.31,1.4862023258108463,84
9,1023,C_theta,1.32,1.478074272915719,88
9,1023,C_theta,1.33,1.4701291305779751,92
9,1023,C_theta,1.34,1.4623613227752008,100
9,1023,C_theta,1.35,1.454765493744029,120
9,1023,C_theta,1.36,1.44733649730294,112
9,1023,C_theta,1.37,1.4400693867825753,76
9,1023,C_theta,1.38,1.432959405524314,72
9,1023,C_theta,1.39,1.4260019779106456,76
9,1023,C_theta,1.4,1.4191927008935208,72
9,1023,C_theta,1.41,1.4125273359891979,60
9,1023,C_theta,1.42,1.406001801710349,64
9,1023,C_theta,1.43,1.399612166408205,76
9,1023,C_theta,1.44,1.3933546414994096,120
9,1023,C_theta,1.45,1.3872255750539912,120
9,1023,C_theta,1.46,1.3812214457224874,60
9,1023,C_theta,1.47,1.3753388569817155,76
9,1023,C_theta,1.48,1.3695745316800885,72
9,1023,C_theta,1.49,1.363925306864645,80
9,1023,C_theta,1.5,1.3583881288731503,76
9,1023,C_theta,1.51,1.3529600486757074,92
9,1023,C_theta,1.52,1.3476382174513621,92
9,1023,C_theta,1.53,1.3424198823861118,96
9,1023,C_theta,1.54,1.3373023826796109,68
9,1023,C_theta,1.55,1.3322831457486857,64
9,1023,C_theta,1.56,1.327359683616524,100
9,1023,C_theta,1.57,1.3225295894771187,68
9,1023,C_theta,1.58,1.3177905344251835,80
9,1023,C_theta,1.59,1.3131402643423997,112
9,1023,C_theta,1.6,1.3085765969313785,64
10,2047,C(a),0.3,5.785512175461081,12
10,2047,C(a),0.31,4.930088266307553,12
10,2047,C(a),0.32,4.201144095189178,12
10,2047,C(a),0.33,3.615976154455723,28
10,2047,C(a),0.34,3.161696077055887,60
10,2047,C(a),0.35,2.838554041697939,124
10,2047,C(a),0.36,2.5821990903701515,60
10,2047,C(a),0.37,2.3894003941490762,28
10,2047,C(a),0.38,2.2502525477418236,28
10,2047,C(a),0.39,2.1192080410708467,28
10,2047,C(a),0.4,2.018965179946554,12
10,2047,C(a),0.41,1.9398004229089192,12
10,2047,C(a),0.42,1.8637397603940997,12
10,2047,C(a),0.43,1.7906614791149322,12
10,2047,C(a),0.44,1.7204486382305053,12
10,2047,C(a),0.45,1.6529888822158654,12
10,2047,C(a),0.46,1.5940761643380565,4
10,2047,C(a),0.47,1.5625113414340845,4
10,2047,C(a),0.48,1.5315715439004483,4
10,2047,C(a),0.49,1.5012443954055983,4
10,2047,C(a),0.5,1.4715177646857693,4
10,2047,C(a),0.51,1.4423797606923132,4
10,2047,C(a),0.52,1.4138187278351206,4
10,2047,C(a),0.53,1.3858232413202296,4
10,2047,C(a),0.54,1.3583821025797564,4
10,2047,C(a),0.55,1.3314843347923182,4
10,2047,C(a),0.56,1.3051191784921579,4
10,2047,C(a),0.57,1.2792760872652158,4
10,2047,C(a),0.58,1.2539447235304213,4
10,2047,C(a),0.59,1.229114954404525,4
10,2047,C(a),0.6,1.2047768476488085,4
10,2047,C(a),0.61,1.1809206676960569,4
10,2047,C(a),0.62,1.1575368717562025,4
10,2047,C(a),0.63,1.1346161059990816,4
10,2047,C(a),0.64,1.1121492018127765,4
10,2047,C(a),0.65,1.0901271721360504,4
10,2047,C(a),0.66,1.0685412078634013,4
10,2047,C(a),0.67,1.047382674321304,4
10,2047,C(a),0.68,1.0266431078142235,4
10,2047,C(a),0.69,1.006314212239026,4
10,2047,C(a),0.7,1.0,0
10,2047,C(a),0.71,1.0,0
10,2047,C(a),0.72,1.0,0
10,2047,C(a),0.73,1.0,0
10,2047,C(a),0.74,1.0,0
10,2047,C(a),0.75,1.0,0
10,2047,C(a),0.76,1.0,0
10,2047,C(a),0.77,1.0,0
10,2047,C(a),0.78,1.0,0
10,2047,C(a),0.79,1.0,0
10,2047,C(a),0.8,1.0,0
10,2047,C(a),0.346574,2.9375,124
10,2047,C_theta,0.3,23.633046055272654,5
10,2047,C_theta,0.31,21.2618323694229,12
10,2047,C_theta,0.32,19.24303085329536,16
10,2047,C_theta,0.33,17.47608072503293,12
10,2047,C_theta,0.34,15.925916638627749,12
10,2047,C_theta,0.35,14.562703229454478,12
10,2047,C_theta,0.36,13.361014702269086,20
10,2047,C_theta,0.37,12.2991483948971,12
10,2047,C_theta,0.38,11.362733328691679,13
10,2047,C_theta,0.39,10.5467850653847,18
10,2047,C_theta,0.4,9.818345664038546,22
10,2047,C_theta,0.41,9.166441405598867,13
10,2047,C_theta,0.42,8.581614506697372,26
10,2047,C_theta,0.43,8.05569841913189,13
10,2047,C_theta,0.44,7.581628364882788,13
10,2047,C_theta,0.45,7.1532813150397425,26
10,2047,C_theta,0.46,6.765340611817091,26
10,2047,C_theta,0.47,6.413181248275269,13
10,2047,C_theta,0.48,6.093298283257346,28
10,2047,C_theta,0.49,5.806136584201411,28
10,2047,C_theta,0.5,5.54305218678984,56
10,2047,C_theta,0.51,5.301529559067381,36
10,2047,C_theta,0.52,5.079354170374909,28
10,2047,C_theta,0.53,4.874572807889618,40
10,2047,C_theta,0.54,4.685459544151446,28
10,2047,C_theta,0.55,4.510486496768826,28
10,2047,C_theta,0.56,4.348298659564429,40
10,2047,C_theta,0.57,4.197743675426516,50
10,2047,C_theta,0.58,4.05889660241689,29
10,2047,C_theta,0.59,3.929336259130272,58
10,2047,C_theta,0.6,3.808254501297126,58
10,2047,C_theta,0.61,3.6949261635775286,58
10,2047,C_theta,0.62,3.5886994773098135,49
10,2047,C_theta,0.63,3.488987703044626,53
10,2047,C_theta,0.64,3.3952618110298936,37
10,2047,C_theta,0.65,3.307044067415574,42
10,2047,C_theta,0.66,3.223902404683533,29
10,2047,C_theta,0.67,3.1454454723203753,30
10,2047,C_theta,0.68,3.0713182785701387,53
10,2047,C_theta,0.69,3.001198346668478,30
10,2047,C_theta,0.7,2.934792319633882,50
10,2047,C_theta,0.71,2.8718329567764935,49
10,2047,C_theta,0.72,2.8120764728323677,29
10,2047,C_theta,0.73,2.7553001772497194,57
10,2047,C_theta,0.74,2.7013003768185944,29
10,2047,C_theta,0.75,2.6498905096925367,29
10,2047,C_theta,0.76,2.600899483022794,50
10,2047,C_theta,0.77,2.5542427771791196,116
10,2047,C_theta,0.78,2.509714893326714,80
10,2047,C_theta,0.79,2.46715316322296,64
10,2047,C_theta,0.8,2.426437963833955,60
10,2047,C_theta,0.81,2.3874587094090254,116
10,2047,C_theta,0.82,2.3501130571241924,64
10,2047,C_theta,0.83,2.3143061909700497,84
10,2047,C_theta,0.84,2.279950175429562,88
10,2047,C_theta,0.85,2.2469633714815513,60
10,2047,C_theta,0.86,2.2152699083309804,60
10,2047,C_theta,0.87,2.1847992050245395,64
10,2047,C_theta,0.88,2.155485536773801,60
10,2047,C_theta,0.89,2.127267641390882,116
10,2047,C_theta,0.9,2.1000883617536257,60
10,2047,C_theta,0.91,2.0738943206680354,60
10,2047,C_theta,0.92,2.0486356248929027,68
10,2047,C_theta,0.93,2.0242655954420283,68
10,2047,C_theta,0.94,2.0007405215891487,60
10,2047,C_theta,0.95,1.978019436274553,116
10,2047,C_theta,0.96,1.9560639108549822,108
10,2047,C_theta,0.97,1.9348378673535058,68
10,2047,C_theta,0.98,1.9143074065569665,100
10,2047,C_theta,0.99,1.8944406504782905,72
10,2047,C_theta,1.0,1.8752075978518388,72
10,2047,C_theta,1.01,1.8565799914644296,60
10,2047,C_theta,1.02,1.838531196244441,84
10,2047,C_theta,1.03,1.8210360871383415,60
10,2047,C_theta,1.04,1.8040734171699961,61
10,2047,C_theta,1.05,1.7876181051444726,101
10,2047,C_theta,1.06,1.7716486758801455,86
10,2047,C_theta,1.07,1.7561451693918633,61
10,2047,C_theta,1.08,1.7410886827561,101
10,2047,C_theta,1.09,1.7264613025571542,93
10,2047,C_theta,1.1,1.7122460423064676,121
10,2047,C_theta,1.11,1.698426784426375,105
10,2047,C_theta,1.12,1.6849882264262852,85
10,2047,C_theta,1.13,1.6719158309324742,73
10,2047,C_theta,1.14,1.6591957792626315,97
10,2047,C_theta,1.15,1.6468149282634417,113
10,2047,C_theta,1.16,1.6347607701539792,97
10,2047,C_theta,1.17,1.6230213951399717,97
10,2047,C_theta,1.18,1.6115854565841228,66
10,2047,C_theta,1.19,1.6004421385359668,117
10,2047,C_theta,1.2,1.5895811254413506,117
10,2047,C_theta,1.21,1.578992573866716,65
10,2047,C_theta,1.22,1.568667086087069,69
10,2047,C_theta,1.23,1.558595685398999,77
10,2047,C_theta,1.24,1.5487697930315143,74
10,2047,C_theta,1.25,1.5391812065377448,61
10,2047,C_theta,1.26,1.5298220795600834,70
10,2047,C_theta,1.27,1.520684902869891,66
10,2047,C_theta,1.28,1.5117624865907784,61
10,2047,C_theta,1.29,1.5030479435216806,101
10,2047,C_theta,1.3,1.4945346734824625,74
10,2047,C_theta,1.31,1.4862163486108528,93
10,2047,C_theta,1.32,1.4780868995449707,93
10,2047,C_theta,1.33,1.470140502430756,61
10,2047,C_theta,1.34,1.4623715666982366,93
10,2047,C_theta,1.35,1.4547747235547972,70
10,2047,C_theta,1.36,1.4473448151474884,106
10,2047,C_theta,1.37,1.4400768843500125,101
10,2047,C_theta,1.38,1.432966165133254,90
10,2047,C_theta,1.39,1.426008073481283,70
10,2047,C_theta,1.4,1.419198198817509,65
10,2047,C_theta,1.41,1.412532295908203,97
10,2047,C_theta,1.42,1.4060062772129753,65
10,2047,C_theta,1.43,1.3996162056539687,70
10,2047,C_theta,1.44,1.3933582877774762,90
10,2047,C_theta,1.45,1.3872288672835933,117
10,2047,C_theta,1.46,1.3812244189011795,77
10,2047,C_theta,1.47,1.3753415425869786,97
10,2047,C_theta,1.48,1.3695769580291959,85
10,2047,C_theta,1.49,1.3639274994371922,73
10,2047,C_theta,1.5,1.3583901106001655,65
10,2047,C_theta,1.51,1.3529618401988592,81
10,2047,C_theta,1.52,1.3476398373553966,62
10,2047,C_theta,1.53,1.3424213474073197,94
10,2047,C_theta,1.54,1.3373037078928338,65
10,2047,C_theta,1.55,1.3322843447351058,61
10,2047,C_theta,1.56,1.3273607686142308,73
10,2047,C_theta,1.57,1.3225305715162554,69
10,2047,C_theta,1.58,1.3177914234492727,66
10,2047,C_theta,1.59,1.3131410693172783,89
10,2047,C_theta,1.6,1.3085773259430322,105
11,4095,C(a),0.3,6.354829386256027,12
11,4095,C(a),0.31,5.307999684940633,12
11,4095,C(a),0.32,4.433614019011329,12
11,4095,C(a),0.33,3.742936632633905,28
11,4095,C(a),0.34,3.21210352406177,60
11,4095,C(a),0.35,2.838554041697939,124
11,4095,C(a),0.36,2.5821990903701515,60
11,4095,C(a),0.37,2.3894003941490762,28
11,4095,C(a),0.38,2.2502525477418236,28
11,4095,C(a),0.39,2.1192080410708467,28
11,4095,C(a),0.4,2.018965179946554,12
11,4095,C(a),0.41,1.9398004229089192,12
11,4095,C(a),0.42,1.8637397603940997,12
11,4095,C(a),0.43,1.7906614791149322,12
11,4095,C(a),0.44,1.7204486382305053,12
11,4095,C(a),0.45,1.6529888822158654,12
11,4095,C(a),0.46,1.5940761643380565,4
11,4095,C(a),0.47,1.5625113414340845,4
11,4095,C(a),0.48,1.5315715439004483,4
11,4095,C(a),0.49,1.5012443954055983,4
11,4095,C(a),0.5,1.4715177646857693,4
11,4095,C(a),0.51,1.4423797606923132,4
11,4095,C(a),0.52,1.4138187278351206,4
11,4095,C(a),0.53,1.3858232413202296,4
11,4095,C(a),0.54,1.3583821025797564,4
11,4095,C(a),0.55,1.3314843347923182,4
11,4095,C(a),0.56,1.3051191784921579,4
11,4095,C(a),0.57,1.2792760872652158,4
11,4095,C(a),0.58,1.2539447235304213,4
11,4095,C(a),0.59,1.229114954404525,4
11,4095,C(a),0.6,1.2047768476488085,4
11,4095,C(a),0.61,1.1809206676960569,4
11,4095,C(a),0.62,1.1575368717562025,4
11,4095,C(a),0.63,1.1346161059990816,4
11,4095,C(a),0.64,1.1121492018127765,4
11,4095,C(a),0.65,1.0901271721360504,4
11,4095,C(a),0.66,1.0685412078634013,4
11,4095,C(a),0.67,1.047382674321304,4
11,4095,C(a),0.68,1.0266431078142235,4
11,4095,C(a),0.69,1.006314212239026,4
11,4095,C(a),0.7,1.0,0
11,4095,C(a),0.71,1.0,0
11,4095,C(a),0.72,1.0,0
11,4095,C(a),0.73,1.0,0
11,4095,C(a),0.74,1.0,0
11,4095,C(a),0.75,1.0,0
11,4095,C(a),0.76,1.0,0
11,4095,C(a),0.77,1.0,0
11,4095,C(a),0.78,1.0,0
11,4095,C(a),0.79,1.0,0
11,4095,C(a),0.8,1.0,0
11,4095,C(a),0.346574,2.9531250000000013,124
11,4095,C_theta,0.3,27.3927982802396,12
11,4095,C_theta,0.31,24.39656789480044,12
11,4095,C_theta,0.32,21.8176612882176,16
11,4095,C_theta,0.33,19.591945113647036,12
11,4095,C_theta,0.34,17.665766774963256,12
11,4095,C_theta,0.35,15.994162960713853,12
11,4095,C_theta,0.36,14.539972045854016,13
11,4095,C_theta,0.37,13.299038225050197,26
11,4095,C_theta,0.38,12.209514996288119,13
11,4095,C_theta,0.39,11.250148584100677,18
11,4095,C_theta,0.4,10.402936265880735,25
11,4095,C_theta,0.41,9.65259720756941,13
11,4095,C_theta,0.42,8.986133794171336,21
11,4095,C_theta,0.43,8.392467325827766,14
11,4095,C_theta,0.44,7.862134928474255,13
11,4095,C_theta,0.45,7.392416981014378,28
11,4095,C_theta,0.46,6.9726960111364775,56
11,4095,C_theta,0.47,6.593566141607699,36
11,4095,C_theta,0.48,6.250209262428605,44
11,4095,C_theta,0.49,5.9384544564073956,28
11,4095,C_theta,0.5,5.654683158011091,56
11,4095,C_theta,0.51,5.395749193487383,36
11,4095,C_theta,0.52,5.160756905612844,57
11,4095,C_theta,0.53,4.945718395741471,45
11,4095,C_theta,0.54,4.747773167155554,57
11,4095,C_theta,0.55,4.565181128752716,45
11,4095,C_theta,0.56,4.396408357411325,30
11,4095,C_theta,0.57,4.24009993197708,50
11,4095,C_theta,0.58,4.095056657915972,29
11,4095,C_theta,0.59,3.960215084676544,58
11,4095,C_theta,0.6,3.834630315603575,58
11,4095,C_theta,0.61,3.717461191136725,46
11,4095,C_theta,0.62,3.6079574930812495,29
11,4095,C_theta,0.63,3.5054488734421945,45
11,4095,C_theta,0.64,3.4093352576891918,37
11,4095,C_theta,0.65,3.3193078303566876,108
11,4095,C_theta,0.66,3.23473616759848,120
11,4095,C_theta,0.67,3.1550291375291906,60
11,4095,C_theta,0.68,3.079807715649008,68
11,4095,C_theta,0.69,3.0087287568474226,96
11,4095,C_theta,0.7,2.9414811105049496,116
11,4095,C_theta,0.71,2.877782201210266,72
11,4095,C_theta,0.72,2.817375014426959,96
11,4095,C_theta,0.73,2.760025434949935,88
11,4095,C_theta,0.74,2.705519893222072,64
11,4095,C_theta,0.75,2.6536632807402825,100
11,4095,C_theta,0.76,2.604277101036107,68
11,4095,C_theta,0.77,2.5571978272099587,116
11,4095,C_theta,0.78,2.512275440847819,80
11,4095,C_theta,0.79,2.4693721304529275,64
11,4095,C_theta,0.8,2.428388774523451,66
11,4095,C_theta,0.81,2.3891835139782707,61
11,4095,C_theta,0.82,2.3516389266363906,77
11,4095,C_theta,0.83,2.3156568611058814,93
11,4095,C_theta,0.84,2.2811464674782735,66
11,4095,C_theta,0.85,2.2480235590257815,109
11,4095,C_theta,0.86,2.216210036781686,106
11,4095,C_theta,0.87,2.185633370197431,122
11,4095,C_theta,0.88,2.156226127867367,81
11,4095,C_theta,0.89,2.127925553009271,61
11,4095,C_theta,0.9,2.1006731789990742,81
11,4095,C_theta,0.91,2.0744144807933584,70
11,4095,C_theta,0.92,2.049098558542885,61
11,4095,C_theta,0.93,2.024677850113374,61
11,4095,C_theta,0.94,2.0011078695931293,61
11,4095,C_theta,0.95,1.9783469691874087,61
11,4095,C_theta,0.96,1.9563561221819632,122
11,4095,C_theta,0.97,1.9350987249077773,101
11,4095,C_theta,0.98,1.9145404158597992,82
11,4095,C_theta,0.99,1.894648910317849,81
11,4095,C_theta,1.0,1.8753938489911393,62
11,4095,C_theta,1.01,1.8567466593615094,85
11,4095,C_theta,1.02,1.8386804285370362,61
11,4095,C_theta,1.03,1.8211697865490297,118
11,4095,C_theta,1.04,1.8041907991335109,61
11,4095,C_theta,1.05,1.7877208691345177,101
11,4095,C_theta,1.06,1.771738645752446,86
11,4095,C_theta,1.07,1.7562239409373048,61
11,4095,C_theta,1.08,1.7411576522952243,101
11,4095,C_theta,1.09,1.7265216919378688,93
11,4095,C_theta,1.1,1.7122989207592156,121
11,4095,C_theta,1.11,1.698473087673345,105
11,4095,C_theta,1.12,1.6850287733909581,85
11,4095,C_theta,1.13,1.6719513383519307,73
11,4095,C_theta,1.14,1.659226874466754,74
11,4095,C_theta,1.15,1.6468421603517442,113
11,4095,C_theta,1.16,1.6347846197716278,118
11,4095,C_theta,1.17,1.6230422830291107,97
11,4095,C_theta,1.18,1.6116037510643915,97
11,4095,C_theta,1.19,1.600458201722483,164
11,4095,C_theta,1.2,1.589595389780739,244
11,4095,C_theta,1.21,1.5790052436917854,144
11,4095,C_theta,1.22,1.5686783422139736,188
11,4095,C_theta,1.23,1.558605687866308,156
11,4095,C_theta,1.24,1.5487786835167532,140
11,4095,C_theta,1.25,1.53918911048979,148
11,4095,C_theta,1.26,1.5298291080811393,144
11,4095,C_theta,1.27,1.520691154376767,208
11,4095,C_theta,1.28,1.511768048281614,124
11,4095,C_theta,1.29,1.5030528926711308,128
11,4095,C_theta,1.3,1.4945390785856243,144
11,4095,C_theta,1.31,1.4862202703937757,124
11,4095,C_theta,1.32,1.4780903918574828,232
11,4095,C_theta,1.33,1.4701436130354566,188
11,4095,C_theta,1.34,1.4623743379678578,192
11,4095,C_theta,1.35,1.4547771930887026,236
11,4095,C_theta,1.36,1.4473470163167796,132
11,4095,C_theta,1.37,1.4400788467796035,236
11,4095,C_theta,1.38,1.4329679151282948,228
11,4095,C_theta,1.39,1.42600963440442,220
11,4095,C_theta,1.4,1.4191995914227198,212
11,4095,C_theta,1.41,1.4125335386362592,196
11,4095,C_theta,1.42,1.4060073864530083,124
11,4095,C_theta,1.43,1.3996171959750487,196
11,4095,C_theta,1.44,1.3933591721337175,216
11,4095,C_theta,1.45,1.3872296571958187,144
11,4095,C_theta,1.46,1.3812251246178746,132
11,4095,C_theta,1.47,1.375342173226919,244
11,4095,C_theta,1.48,1.3695775217078627,124
11,4095,C_theta,1.49,1.3639280033788423,228
11,4095,C_theta,1.5,1.3583905612372034,236
11,4095,C_theta,1.51,1.35296224325997,152
11,4095,C_theta,1.52,1.3476401979437282,136
11,4095,C_theta,1.53,1.3424216700698508,220
11,4095,C_theta,1.54,1.3373039966819404,192
11,4095,C_theta,1.55,1.3322846032632014,196
11,4095,C_theta,1.56,1.3273610001022933,124
11,4095,C_theta,1.57,1.3225307788369105,128
11,4095,C_theta,1.58,1.3177916091650665,188
11,4095,C_theta,1.59,1.313141235714682,132
11,4095,C_theta,1.6,1.308577475062663,188
12,8191,C(a),0.3,6.9776873773157995,12
12,8191,C(a),0.31,5.712847241172491,12
12,8191,C(a),0.32,4.677283723984624,12
12,8191,C(a),0.33,3.8717156166404147,28
12,8191,C(a),0.34,3.2589519363249098,60
12,8191,C(a),0.35,2.8491595958907663,252
12,8191,C(a),0.36,2.5821990903701515,60
12,8191,C(a),0.37,2.3894003941490762,28
12,8191,C(a),0.38,2.2502525477418236,28
12,8191,C(a),0.39,2.1192080410708467,28
12,8191,C(a),0.4,2.018965179946554,12
12,8191,C(a),0.41,1.9398004229089192,12
12,8191,C(a),0.42,1.8637397603940997,12
12,8191,C(a),0.43,1.7906614791149322,12
12,8191,C(a),0.44,1.7204486382305053,12
12,8191,C(a),0.45,1.6529888822158654,12
12,8191,C(a),0.46,1.5940761643380565,4
12,8191,C(a),0.47,1.5625113414340845,4
12,8191,C(a),0.48,1.5315715439004483,4
12,8191,C(a),0.49,1.5012443954055983,4
12,8191,C(a),0.5,1.4715177646857693,4
12,8191,C(a),0.51,1.4423797606923132,4
12,8191,C(a),0.52,1.4138187278351206,4
12,8191,C(a),0.53,1.3858232413202296,4
12,8191,C(a),0.54,1.3583821025797564,4
12,8191,C(a),0.55,1.3314843347923182,4
12,8191,C(a),0.56,1.3051191784921579,4
12,8191,C(a),0.57,1.2792760872652158,4
12,8191,C(a),0.58,1.2539447235304213,4
12,8191,C(a),0.59,1.229114954404525,4
12,8191,C(a),0.6,1.2047768476488085,4
12,8191,C(a),0.61,1.1809206676960569,4
12,8191,C(a),0.62,1.1575368717562025,4
12,8191,C(a),0.63,1.1346161059990816,4
12,8191,C(a),0.64,1.1121492018127765,4
12,8191,C(a),0.65,1.0901271721360504,4
12,8191,C(a),0.66,1.0685412078634013,4
12,8191,C(a),0.67,1.047382674321304,4
12,8191,C(a),0.68,1.0266431078142235,4
12,8191,C(a),0.69,1.006314212239026,4
12,8191,C(a),0.7,1.0,0
12,8191,C(a),0.71,1.0,0
12,8191,C(a),0.72,1.0,0
12,8191,C(a),0.73,1.0,0
12,8191,C(a),0.74,1.0,0
12,8191,C(a),0.75,1.0,0
12,8191,C(a),0.76,1.0,0
12,8191,C(a),0.77,1.0,0
12,8191,C(a),0.78,1.0,0
12,8191,C(a),0.79,1.0,0
12,8191,C(a),0.8,1.0,0
12,8191,C(a),0.346574,2.9687500000000013,252
12,8191,C_theta,0.3,31.584660943277147,20
12,8191,C_theta,0.31,27.769194973214976,12
12,8191,C_theta,0.32,24.532827534307913,16
12,8191,C_theta,0.33,21.77911977936437,24
12,8191,C_theta,0.34,19.428642061437568,12
12,8191,C_theta,0.35,17.43071265926445,25
12,8191,C_theta,0.36,15.737079594861703,13
12,8191,C_theta,0.37,14.27243762224761,26
12,8191,C_theta,0.38,13.001537710172759,13
12,8191,C_theta,0.39,11.89500071432507,18
12,8191,C_theta,0.4,10.928283244997562,13
12,8191,C_theta,0.41,10.080834015988568,26
12,8191,C_theta,0.42,9.336580972091326,32
12,8191,C_theta,0.43,8.69073826366959,28
12,8191,C_theta,0.44,8.117060145749765,32
12,8191,C_theta,0.45,7.6058409380180185,28
12,8191,C_theta,0.46,7.148832843510124,56
12,8191,C_theta,0.47,6.739009357265389,36
12,8191,C_theta,0.48,6.3725785013022325,58
12,8191,C_theta,0.49,6.043698776108249,58
12,8191,C_theta,0.5,5.745474228242014,49
12,8191,C_theta,0.51,5.474311403925199,34
12,8191,C_theta,0.52,5.2271003715301445,57
12,8191,C_theta,0.53,5.001143126757009,45
12,8191,C_theta,0.54,4.794093417517802,45
12,8191,C_theta,0.55,4.603906049689296,53
12,8191,C_theta,0.56,4.428794082564511,30
12,8191,C_theta,0.57,4.267192605052684,50
12,8191,C_theta,0.58,4.1183410329206165,60
12,8191,C_theta,0.59,3.980511891679119,76
12,8191,C_theta,0.6,3.85236180239583,60
12,8191,C_theta,0.61,3.732985563856651,116
12,8191,C_theta,0.62,3.6215791363346623,108
12,8191,C_theta,0.63,3.5174268729790046,96
12,8191,C_theta,0.64,3.419890517828041,92
12,8191,C_theta,0.65,3.32839970688082,108
12,8191,C_theta,0.66,3.242443750663241,68
12,8191,C_theta,0.67,3.1615645116214033,60
12,8191,C_theta,0.68,3.085478621342193,82
12,8191,C_theta,0.69,3.0136781884739046,81
12,8191,C_theta,0.7,2.945805954757354,86
12,8191,C_theta,0.71,2.881565766945073,74
12,8191,C_theta,0.72,2.8206890008945584,93
12,8191,C_theta,0.73,2.7629316064265326,110
12,8191,C_theta,0.74,2.708071505039477,61
12,8191,C_theta,0.75,2.6559062946145273,93
12,8191,C_theta,0.76,2.6062512216560716,90
12,8191,C_theta,0.77,2.558937387067522,77
12,8191,C_theta,0.78,2.5138101561106243,94
12,8191,C_theta,0.79,2.4707277471668894,78
12,8191,C_theta,0.8,2.4295599773165057,122
12,8191,C_theta,0.81,2.3901871456615003,61
12,8191,C_theta,0.82,2.352499037819697,77
12,8191,C_theta,0.83,2.3163940371659497,93
12,8191,C_theta,0.84,2.2817783302492622,66
12,8191,C_theta,0.85,2.2485651954125174,109
12,8191,C_theta,0.86,2.216674365022652,106
12,8191,C_theta,0.87,2.1860314529145124,122
12,8191,C_theta,0.88,2.1565674396877754,81
12,8191,C_theta,0.89,2.1282182093958344,61
12,8191,C_theta,0.9,2.1009291568025747,132
12,8191,C_theta,0.91,2.074639289747724,128
12,8191,C_theta,0.92,2.0492961246207306,188
12,8191,C_theta,0.93,2.0248515899900497,132
12,8191,C_theta,0.94,2.001260758378458,160
12,8191,C_theta,0.95,1.9784815989601001,172
12,8191,C_theta,0.96,1.9564747525981077,200
12,8191,C_theta,0.97,1.9352033269762277,200
12,8191,C_theta,0.98,1.9146327098240958,240
12,8191,C_theta,0.99,1.89473039845305,176
12,8191,C_theta,1.0,1.8754658440111838,140
12,8191,C_theta,1.01,1.8568103090360413,128
12,8191,C_theta,1.02,1.8387367370334964,132
12,8191,C_theta,1.03,1.82121963294447,188
12,8191,C_theta,1.04,1.8042349534792124,136
12,8191,C_theta,1.05,1.7877600064037567,196
12,8191,C_theta,1.06,1.7717733579563575,224
12,8191,C_theta,1.07,1.7562547476547514,188
12,8191,C_theta,1.08,1.741185009828972,228
12,8191,C_theta,1.09,1.7265460012804041,128
12,8191,C_theta,1.1,1.712320534526627,140
12,8191,C_theta,1.11,1.6984923161441714,220
12,8191,C_theta,1.12,1.6850458897684064,236
12,8191,C_theta,1.13,1.6719665833518618,224
12,8191,C_theta,1.14,1.659240460320081,144
12,8191,C_theta,1.15,1.6468542742979462,188
12,8191,C_theta,1.16,1.6347954271098537,132
12,8191,C_theta,1.17,1.6230519297844455,172
12,8191,C_theta,1.18,1.6116123663192015,224
12,8191,C_theta,1.19,1.6004658599823327,164
12,8191,C_theta,1.2,1.589602041949394,248
12,8191,C_theta,1.21,1.5790110279766878,246
12,8191,C_theta,1.22,1.5686834157200866,133
12,8191,C_theta,1.23,1.5586101386201,222
12,8191,C_theta,1.24,1.5487825885677247,133
12,8191,C_theta,1.25,1.539192537287642,189
12,8191,C_theta,1.26,1.529832115679227,221
12,8191,C_theta,1.27,1.5206937944838568,169
12,8191,C_theta,1.28,1.5117703661811612,221
12,8191,C_theta,1.29,1.5030549280248497,141
12,8191,C_theta,1.3,1.4945408661359891,133
12,8191,C_theta,1.31,1.4862218405782288,198
12,8191,C_theta,1.32,1.4780917713455022,162
12,8191,C_theta,1.33,1.4701448251982194,158
12,8191,C_theta,1.34,1.46237540328902,225
12,8191,C_theta,1.35,1.4547781295236877,141
12,8191,C_theta,1.36,1.4473478396070976,225
12,8191,C_theta,1.37,1.4400795707278362,161
12,8191,C_theta,1.38,1.432968551838711,125
12,8191,C_theta,1.39,1.4260101944935295,190
12,8191,C_theta,1.4,1.419200084203552,181
12,8191,C_theta,1.41,1.4125339722796648,129
12,8191,C_theta,1.42,1.4060077681288552,225
12,8191,C_theta,1.43,1.399617531975853,189
12,8191,C_theta,1.44,1.3933594679828805,238
12,8191,C_theta,1.45,1.3872299177424272,125
12,8191,C_theta,1.46,1.3812253541197248,153
12,8191,C_theta,1.47,1.3753423754232394,141
12,8191,C_theta,1.48,1.3695776998830296,125
12,8191,C_theta,1.49,1.3639281604182005,249
12,8191,C_theta,1.5,1.358390699675988,129
12,8191,C_theta,1.51,1.352962365326178,217
12,8191,C_theta,1.52,1.3476403055956996,238
12,8191,C_theta,1.53,1.3424217650292134,126
12,8191,C_theta,1.54,1.3373040804624965,213
12,8191,C_theta,1.55,1.3322846771962613,201
12,8191,C_theta,1.56,1.3273610653588896,157
12,8191,C_theta,1.57,1.322530836447285,130
12,8191,C_theta,1.58,1.3177916600357749,133
12,8191,C_theta,1.59,1.3131412806435883,129
12,8191,C_theta,1.6,1.308577514752108,169
